Workbook

Sheet 음식DB
B1: 카테고리 | C1: 음식 | D1: 음식구분 | E1: 제철 | F1: 재료 | G1: 영양분류 | H1: 주재료분류 | I1: 조리방식 | J1: 조리시간 | K1: 알레르기 | L1: 아침가능 | M1: 점심가능 | N1: 저녁가능 | O1: 비고 | P1: 식사구분 자동 | Q1: data.js 복사용
B2: 간단식 | C2: 오트밀 바나나볼 | D2: 간단식 | E2: 사계절 | F2: 오트밀, 우유, 바나나, 견과류 | G2: 탄수화물+식이섬유 | H2: 곡류 | I2: 간단식 | J2: 10분 | K2: 우유, 견과류 | L2: Y | P2: =IF($C2="","",_xlfn.TEXTJOIN(", ",TRUE,IF(UPPER(TRIM($L2))="Y","아침",""),IF(UPPER(TRIM($M2))="Y","점심",""),IF(UPPER(TRIM($N2))="Y","저녁",""))) -> 아침 | Q2: =IF($C2="","","{ 카테고리: """&$B2&""", 음식: """&$C2&""", 음식구분: """&$D2&""", 제철: """&$E2&""", 재료: """&$F2&""", 식사구분: ["&_xlfn.TEXTJOIN(", ",TRUE,IF(UPPER(TRIM($L2))="Y",CHAR(34)&"아침"&CHAR(34),""),IF(UPPER(TRIM($M2))="Y",CHAR(34)&"점심"&CHAR(34),""),IF(UPPER(TRIM($N2))="Y",CHAR(34)&"저녁"&CHAR(34),""))&"], 영양분류: """&$G2&""", 주재료분류: """&$H2&""", 조리방식: """&$I2&""", 조리시간: """&$J2&""", 알레르기: """&$K2&""" },") -> { 카테고리: "간단식", 음식: "오트밀 바나나볼", 음식구분: "간단식", 제철: "사계절", 재료: "오트밀, 우유, 바나나, 견과류", 식사구분: ["아침"], 영양분류: "탄수화물+식이섬유", 주재료분류: "곡류", 조리방식: "간단식", 조리시간: "10분", 알레르기: "우유, 견과류" },
B3: 간단식 | C3: 그릭요거트 과일볼 | D3: 간단식 | E3: 사계절 | F3: 그릭요거트, 딸기, 블루베리, 그래놀라 | G3: 단백질+비타민 | H3: 유제품 | I3: 간단식 | J3: 5분 | K3: 우유 | L3: Y | P3: =IF($C3="","",_xlfn.TEXTJOIN(", ",TRUE,IF(UPPER(TRIM($L3))="Y","아침",""),IF(UPPER(TRIM($M3))="Y","점심",""),IF(UPPER(TRIM($N3))="Y","저녁",""))) -> 아침 | Q3: =IF($C3="","","{ 카테고리: """&$B3&""", 음식: """&$C3&""", 음식구분: """&$D3&""", 제철: """&$E3&""", 재료: """&$F3&""", 식사구분: ["&_xlfn.TEXTJOIN(", ",TRUE,IF(UPPER(TRIM($L3))="Y",CHAR(34)&"아침"&CHAR(34),""),IF(UPPER(TRIM($M3))="Y",CHAR(34)&"점심"&CHAR(34),""),IF(UPPER(TRIM($N3))="Y",CHAR(34)&"저녁"&CHAR(34),""))&"], 영양분류: """&$G3&""", 주재료분류: """&$H3&""", 조리방식: """&$I3&""", 조리시간: """&$J3&""", 알레르기: """&$K3&""" },") -> { 카테고리: "간단식", 음식: "그릭요거트 과일볼", 음식구분: "간단식", 제철: "사계절", 재료: "그릭요거트, 딸기, 블루베리, 그래놀라", 식사구분: ["아침"], 영양분류: "단백질+비타민", 주재료분류: "유제품", 조리방식: "간단식", 조리시간: "5분", 알레르기: "우유" },
B4: 간단식 | C4: 삶은계란 토스트 | D4: 간단식 | E4: 사계절 | F4: 식빵, 계란, 양상추, 토마토 | G4: 단백질+탄수화물 | H4: 계란 | I4: 간단식 | J4: 15분 | K4: 계란, 밀 | L4: Y | P4: =IF($C4="","",_xlfn.TEXTJOIN(", ",TRUE,IF(UPPER(TRIM($L4))="Y","아침",""),IF(UPPER(TRIM($M4))="Y","점심",""),IF(UPPER(TRIM($N4))="Y","저녁",""))) -> 아침 | Q4: =IF($C4="","","{ 카테고리: """&$B4&""", 음식: """&$C4&""", 음식구분: """&$D4&""", 제철: """&$E4&""", 재료: """&$F4&""", 식사구분: ["&_xlfn.TEXTJOIN(", ",TRUE,IF(UPPER(TRIM($L4))="Y",CHAR(34)&"아침"&CHAR(34),""),IF(UPPER(TRIM($M4))="Y",CHAR(34)&"점심"&CHAR(34),""),IF(UPPER(TRIM($N4))="Y",CHAR(34)&"저녁"&CHAR(34),""))&"], 영양분류: """&$G4&""", 주재료분류: """&$H4&""", 조리방식: """&$I4&""", 조리시간: """&$J4&""", 알레르기: """&$K4&""" },") -> { 카테고리: "간단식", 음식: "삶은계란 토스트", 음식구분: "간단식", 제철: "사계절", 재료: "식빵, 계란, 양상추, 토마토", 식사구분: ["아침"], 영양분류: "단백질+탄수화물", 주재료분류: "계란", 조리방식: "간단식", 조리시간: "15분", 알레르기: "계란, 밀" },
B5: 간단식 | C5: 닭가슴살 샌드위치 | D5: 간단식 | E5: 사계절 | F5: 식빵, 닭가슴살, 양상추, 토마토, 치즈 | G5: 고단백 | H5: 육류 | I5: 간단식 | J5: 15분 | K5: 밀, 우유 | L5: Y | M5: Y | P5: =IF($C5="","",_xlfn.TEXTJOIN(", ",TRUE,IF(UPPER(TRIM($L5))="Y","아침",""),IF(UPPER(TRIM($M5))="Y","점심",""),IF(UPPER(TRIM($N5))="Y","저녁",""))) -> 아침, 점심 | Q5: =IF($C5="","","{ 카테고리: """&$B5&""", 음식: """&$C5&""", 음식구분: """&$D5&""", 제철: """&$E5&""", 재료: """&$F5&""", 식사구분: ["&_xlfn.TEXTJOIN(", ",TRUE,IF(UPPER(TRIM($L5))="Y",CHAR(34)&"아침"&CHAR(34),""),IF(UPPER(TRIM($M5))="Y",CHAR(34)&"점심"&CHAR(34),""),IF(UPPER(TRIM($N5))="Y",CHAR(34)&"저녁"&CHAR(34),""))&"], 영양분류: """&$G5&""", 주재료분류: """&$H5&""", 조리방식: """&$I5&""", 조리시간: """&$J5&""", 알레르기: """&$K5&""" },") -> { 카테고리: "간단식", 음식: "닭가슴살 샌드위치", 음식구분: "간단식", 제철: "사계절", 재료: "식빵, 닭가슴살, 양상추, 토마토, 치즈", 식사구분: ["아침", "점심"], 영양분류: "고단백", 주재료분류: "육류", 조리방식: "간단식", 조리시간: "15분", 알레르기: "밀, 우유" },
B6: 간단식 | C6: 계란국과 밥 | D6: 간단식 | E6: 사계절 | F6: 계란, 대파, 밥, 육수 | G6: 가벼운 한식 | H6: 계란 | I6: 국물 | J6: 15분 | K6: 계란 | L6: Y | N6: Y | P6: =IF($C6="","",_xlfn.TEXTJOIN(", ",TRUE,IF(UPPER(TRIM($L6))="Y","아침",""),IF(UPPER(TRIM($M6))="Y","점심",""),IF(UPPER(TRIM($N6))="Y","저녁",""))) -> 아침, 저녁 | Q6: =IF($C6="","","{ 카테고리: """&$B6&""", 음식: """&$C6&""", 음식구분: """&$D6&""", 제철: """&$E6&""", 재료: """&$F6&""", 식사구분: ["&_xlfn.TEXTJOIN(", ",TRUE,IF(UPPER(TRIM($L6))="Y",CHAR(34)&"아침"&CHAR(34),""),IF(UPPER(TRIM($M6))="Y",CHAR(34)&"점심"&CHAR(34),""),IF(UPPER(TRIM($N6))="Y",CHAR(34)&"저녁"&CHAR(34),""))&"], 영양분류: """&$G6&""", 주재료분류: """&$H6&""", 조리방식: """&$I6&""", 조리시간: """&$J6&""", 알레르기: """&$K6&""" },") -> { 카테고리: "간단식", 음식: "계란국과 밥", 음식구분: "간단식", 제철: "사계절", 재료: "계란, 대파, 밥, 육수", 식사구분: ["아침", "저녁"], 영양분류: "가벼운 한식", 주재료분류: "계란", 조리방식: "국물", 조리시간: "15분", 알레르기: "계란" },
B7: 간단식 | C7: 누룽지와 김 | D7: 간단식 | E7: 사계절 | F7: 누룽지, 김, 간장 | G7: 가벼운 탄수화물 | H7: 곡류 | I7: 국물 | J7: 10분 | K7: 대두 | L7: Y | P7: =IF($C7="","",_xlfn.TEXTJOIN(", ",TRUE,IF(UPPER(TRIM($L7))="Y","아침",""),IF(UPPER(TRIM($M7))="Y","점심",""),IF(UPPER(TRIM($N7))="Y","저녁",""))) -> 아침 | Q7: =IF($C7="","","{ 카테고리: """&$B7&""", 음식: """&$C7&""", 음식구분: """&$D7&""", 제철: """&$E7&""", 재료: """&$F7&""", 식사구분: ["&_xlfn.TEXTJOIN(", ",TRUE,IF(UPPER(TRIM($L7))="Y",CHAR(34)&"아침"&CHAR(34),""),IF(UPPER(TRIM($M7))="Y",CHAR(34)&"점심"&CHAR(34),""),IF(UPPER(TRIM($N7))="Y",CHAR(34)&"저녁"&CHAR(34),""))&"], 영양분류: """&$G7&""", 주재료분류: """&$H7&""", 조리방식: """&$I7&""", 조리시간: """&$J7&""", 알레르기: """&$K7&""" },") -> { 카테고리: "간단식", 음식: "누룽지와 김", 음식구분: "간단식", 제철: "사계절", 재료: "누룽지, 김, 간장", 식사구분: ["아침"], 영양분류: "가벼운 탄수화물", 주재료분류: "곡류", 조리방식: "국물", 조리시간: "10분", 알레르기: "대두" },
B8: 간단식 | C8: 두부 샐러드 | D8: 간단식 | E8: 사계절 | F8: 두부, 양상추, 토마토, 오리엔탈드레싱 | G8: 식물성 단백질 | H8: 두부 | I8: 생식 | J8: 10분 | K8: 대두 | L8: Y | M8: Y | P8: =IF($C8="","",_xlfn.TEXTJOIN(", ",TRUE,IF(UPPER(TRIM($L8))="Y","아침",""),IF(UPPER(TRIM($M8))="Y","점심",""),IF(UPPER(TRIM($N8))="Y","저녁",""))) -> 아침, 점심 | Q8: =IF($C8="","","{ 카테고리: """&$B8&""", 음식: """&$C8&""", 음식구분: """&$D8&""", 제철: """&$E8&""", 재료: """&$F8&""", 식사구분: ["&_xlfn.TEXTJOIN(", ",TRUE,IF(UPPER(TRIM($L8))="Y",CHAR(34)&"아침"&CHAR(34),""),IF(UPPER(TRIM($M8))="Y",CHAR(34)&"점심"&CHAR(34),""),IF(UPPER(TRIM($N8))="Y",CHAR(34)&"저녁"&CHAR(34),""))&"], 영양분류: """&$G8&""", 주재료분류: """&$H8&""", 조리방식: """&$I8&""", 조리시간: """&$J8&""", 알레르기: """&$K8&""" },") -> { 카테고리: "간단식", 음식: "두부 샐러드", 음식구분: "간단식", 제철: "사계절", 재료: "두부, 양상추, 토마토, 오리엔탈드레싱", 식사구분: ["아침", "점심"], 영양분류: "식물성 단백질", 주재료분류: "두부", 조리방식: "생식", 조리시간: "10분", 알레르기: "대두" },
B9: 간단식 | C9: 참치마요 주먹밥 | D9: 간단식 | E9: 사계절 | F9: 밥, 참치, 김, 마요네즈 | G9: 단백질+탄수화물 | H9: 생선 | I9: 간단식 | J9: 10분 | K9: 계란, 생선 | L9: Y | M9: Y | P9: =IF($C9="","",_xlfn.TEXTJOIN(", ",TRUE,IF(UPPER(TRIM($L9))="Y","아침",""),IF(UPPER(TRIM($M9))="Y","점심",""),IF(UPPER(TRIM($N9))="Y","저녁",""))) -> 아침, 점심 | Q9: =IF($C9="","","{ 카테고리: """&$B9&""", 음식: """&$C9&""", 음식구분: """&$D9&""", 제철: """&$E9&""", 재료: """&$F9&""", 식사구분: ["&_xlfn.TEXTJOIN(", ",TRUE,IF(UPPER(TRIM($L9))="Y",CHAR(34)&"아침"&CHAR(34),""),IF(UPPER(TRIM($M9))="Y",CHAR(34)&"점심"&CHAR(34),""),IF(UPPER(TRIM($N9))="Y",CHAR(34)&"저녁"&CHAR(34),""))&"], 영양분류: """&$G9&""", 주재료분류: """&$H9&""", 조리방식: """&$I9&""", 조리시간: """&$J9&""", 알레르기: """&$K9&""" },") -> { 카테고리: "간단식", 음식: "참치마요 주먹밥", 음식구분: "간단식", 제철: "사계절", 재료: "밥, 참치, 김, 마요네즈", 식사구분: ["아침", "점심"], 영양분류: "단백질+탄수화물", 주재료분류: "생선", 조리방식: "간단식", 조리시간: "10분", 알레르기: "계란, 생선" },
B10: 한식 | C10: 김치찌개 | D10: 찌개 | E10: 사계절 | F10: 김치, 돼지고기, 두부 | G10: 단백질+국물 | H10: 육류 | I10: 찌개 | J10: 30분 | K10: 대두 | M10: Y | N10: Y | P10: =IF($C10="","",_xlfn.TEXTJOIN(", ",TRUE,IF(UPPER(TRIM($L10))="Y","아침",""),IF(UPPER(TRIM($M10))="Y","점심",""),IF(UPPER(TRIM($N10))="Y","저녁",""))) -> 점심, 저녁 | Q10: =IF($C10="","","{ 카테고리: """&$B10&""", 음식: """&$C10&""", 음식구분: """&$D10&""", 제철: """&$E10&""", 재료: """&$F10&""", 식사구분: ["&_xlfn.TEXTJOIN(", ",TRUE,IF(UPPER(TRIM($L10))="Y",CHAR(34)&"아침"&CHAR(34),""),IF(UPPER(TRIM($M10))="Y",CHAR(34)&"점심"&CHAR(34),""),IF(UPPER(TRIM($N10))="Y",CHAR(34)&"저녁"&CHAR(34),""))&"], 영양분류: """&$G10&""", 주재료분류: """&$H10&""", 조리방식: """&$I10&""", 조리시간: """&$J10&""", 알레르기: """&$K10&""" },") -> { 카테고리: "한식", 음식: "김치찌개", 음식구분: "찌개", 제철: "사계절", 재료: "김치, 돼지고기, 두부", 식사구분: ["점심", "저녁"], 영양분류: "단백질+국물", 주재료분류: "육류", 조리방식: "찌개", 조리시간: "30분", 알레르기: "대두" },
B11: 한식 | C11: 비빔밥 | D11: 메인반찬 | E11: 사계절 | F11: 밥, 각종 나물, 계란, 다진 소고기 | G11: 균형식 | H11: 밥 | I11: 비빔 | J11: 30분 | K11: 계란 | M11: Y | N11: Y | P11: =IF($C11="","",_xlfn.TEXTJOIN(", ",TRUE,IF(UPPER(TRIM($L11))="Y","아침",""),IF(UPPER(TRIM($M11))="Y","점심",""),IF(UPPER(TRIM($N11))="Y","저녁",""))) -> 점심, 저녁 | Q11: =IF($C11="","","{ 카테고리: """&$B11&""", 음식: """&$C11&""", 음식구분: """&$D11&""", 제철: """&$E11&""", 재료: """&$F11&""", 식사구분: ["&_xlfn.TEXTJOIN(", ",TRUE,IF(UPPER(TRIM($L11))="Y",CHAR(34)&"아침"&CHAR(34),""),IF(UPPER(TRIM($M11))="Y",CHAR(34)&"점심"&CHAR(34),""),IF(UPPER(TRIM($N11))="Y",CHAR(34)&"저녁"&CHAR(34),""))&"], 영양분류: """&$G11&""", 주재료분류: """&$H11&""", 조리방식: """&$I11&""", 조리시간: """&$J11&""", 알레르기: """&$K11&""" },") -> { 카테고리: "한식", 음식: "비빔밥", 음식구분: "메인반찬", 제철: "사계절", 재료: "밥, 각종 나물, 계란, 다진 소고기", 식사구분: ["점심", "저녁"], 영양분류: "균형식", 주재료분류: "밥", 조리방식: "비빔", 조리시간: "30분", 알레르기: "계란" },
B12: 한식 | C12: 된장찌개 | D12: 찌개 | E12: 사계절 | F12: 두부, 애호박, 양파, 팽이버섯 | G12: 식물성 단백질+국물 | H12: 두부 | I12: 찌개 | J12: 25분 | K12: 대두 | L12: Y | M12: Y | N12: Y | P12: =IF($C12="","",_xlfn.TEXTJOIN(", ",TRUE,IF(UPPER(TRIM($L12))="Y","아침",""),IF(UPPER(TRIM($M12))="Y","점심",""),IF(UPPER(TRIM($N12))="Y","저녁",""))) -> 아침, 점심, 저녁 | Q12: =IF($C12="","","{ 카테고리: """&$B12&""", 음식: """&$C12&""", 음식구분: """&$D12&""", 제철: """&$E12&""", 재료: """&$F12&""", 식사구분: ["&_xlfn.TEXTJOIN(", ",TRUE,IF(UPPER(TRIM($L12))="Y",CHAR(34)&"아침"&CHAR(34),""),IF(UPPER(TRIM($M12))="Y",CHAR(34)&"점심"&CHAR(34),""),IF(UPPER(TRIM($N12))="Y",CHAR(34)&"저녁"&CHAR(34),""))&"], 영양분류: """&$G12&""", 주재료분류: """&$H12&""", 조리방식: """&$I12&""", 조리시간: """&$J12&""", 알레르기: """&$K12&""" },") -> { 카테고리: "한식", 음식: "된장찌개", 음식구분: "찌개", 제철: "사계절", 재료: "두부, 애호박, 양파, 팽이버섯", 식사구분: ["아침", "점심", "저녁"], 영양분류: "식물성 단백질+국물", 주재료분류: "두부", 조리방식: "찌개", 조리시간: "25분", 알레르기: "대두" },
B13: 한식 | C13: 제육볶음 | D13: 메인반찬 | E13: 사계절 | F13: 돼지고기, 양파, 대파, 양배추 | G13: 고단백 | H13: 육류 | I13: 볶음 | J13: 25분 | K13: 없음 | M13: Y | N13: Y | P13: =IF($C13="","",_xlfn.TEXTJOIN(", ",TRUE,IF(UPPER(TRIM($L13))="Y","아침",""),IF(UPPER(TRIM($M13))="Y","점심",""),IF(UPPER(TRIM($N13))="Y","저녁",""))) -> 점심, 저녁 | Q13: =IF($C13="","","{ 카테고리: """&$B13&""", 음식: """&$C13&""", 음식구분: """&$D13&""", 제철: """&$E13&""", 재료: """&$F13&""", 식사구분: ["&_xlfn.TEXTJOIN(", ",TRUE,IF(UPPER(TRIM($L13))="Y",CHAR(34)&"아침"&CHAR(34),""),IF(UPPER(TRIM($M13))="Y",CHAR(34)&"점심"&CHAR(34),""),IF(UPPER(TRIM($N13))="Y",CHAR(34)&"저녁"&CHAR(34),""))&"], 영양분류: """&$G13&""", 주재료분류: """&$H13&""", 조리방식: """&$I13&""", 조리시간: """&$J13&""", 알레르기: """&$K13&""" },") -> { 카테고리: "한식", 음식: "제육볶음", 음식구분: "메인반찬", 제철: "사계절", 재료: "돼지고기, 양파, 대파, 양배추", 식사구분: ["점심", "저녁"], 영양분류: "고단백", 주재료분류: "육류", 조리방식: "볶음", 조리시간: "25분", 알레르기: "없음" },
B14: 한식 | C14: 삼겹살 | D14: 메인반찬 | E14: 사계절 | F14: 돼지고기 삼겹살, 마늘, 상추, 깻잎 | G14: 고단백+고지방 | H14: 육류 | I14: 구이 | J14: 30분 | K14: 없음 | N14: Y | P14: =IF($C14="","",_xlfn.TEXTJOIN(", ",TRUE,IF(UPPER(TRIM($L14))="Y","아침",""),IF(UPPER(TRIM($M14))="Y","점심",""),IF(UPPER(TRIM($N14))="Y","저녁",""))) -> 저녁 | Q14: =IF($C14="","","{ 카테고리: """&$B14&""", 음식: """&$C14&""", 음식구분: """&$D14&""", 제철: """&$E14&""", 재료: """&$F14&""", 식사구분: ["&_xlfn.TEXTJOIN(", ",TRUE,IF(UPPER(TRIM($L14))="Y",CHAR(34)&"아침"&CHAR(34),""),IF(UPPER(TRIM($M14))="Y",CHAR(34)&"점심"&CHAR(34),""),IF(UPPER(TRIM($N14))="Y",CHAR(34)&"저녁"&CHAR(34),""))&"], 영양분류: """&$G14&""", 주재료분류: """&$H14&""", 조리방식: """&$I14&""", 조리시간: """&$J14&""", 알레르기: """&$K14&""" },") -> { 카테고리: "한식", 음식: "삼겹살", 음식구분: "메인반찬", 제철: "사계절", 재료: "돼지고기 삼겹살, 마늘, 상추, 깻잎", 식사구분: ["저녁"], 영양분류: "고단백+고지방", 주재료분류: "육류", 조리방식: "구이", 조리시간: "30분", 알레르기: "없음" },
B15: 한식 | C15: 보쌈 | D15: 메인반찬 | E15: 사계절 | F15: 돼지고기 수육, 배추, 무 | G15: 고단백 | H15: 육류 | I15: 찜 | J15: 1시간 | K15: 없음 | N15: Y | P15: =IF($C15="","",_xlfn.TEXTJOIN(", ",TRUE,IF(UPPER(TRIM($L15))="Y","아침",""),IF(UPPER(TRIM($M15))="Y","점심",""),IF(UPPER(TRIM($N15))="Y","저녁",""))) -> 저녁 | Q15: =IF($C15="","","{ 카테고리: """&$B15&""", 음식: """&$C15&""", 음식구분: """&$D15&""", 제철: """&$E15&""", 재료: """&$F15&""", 식사구분: ["&_xlfn.TEXTJOIN(", ",TRUE,IF(UPPER(TRIM($L15))="Y",CHAR(34)&"아침"&CHAR(34),""),IF(UPPER(TRIM($M15))="Y",CHAR(34)&"점심"&CHAR(34),""),IF(UPPER(TRIM($N15))="Y",CHAR(34)&"저녁"&CHAR(34),""))&"], 영양분류: """&$G15&""", 주재료분류: """&$H15&""", 조리방식: """&$I15&""", 조리시간: """&$J15&""", 알레르기: """&$K15&""" },") -> { 카테고리: "한식", 음식: "보쌈", 음식구분: "메인반찬", 제철: "사계절", 재료: "돼지고기 수육, 배추, 무", 식사구분: ["저녁"], 영양분류: "고단백", 주재료분류: "육류", 조리방식: "찜", 조리시간: "1시간", 알레르기: "없음" },
B16: 한식 | C16: 감자탕 | D16: 국/탕 | E16: 겨울 | F16: 돼지등뼈, 감자, 우거지, 깻잎 | G16: 고단백+국물 | H16: 육류 | I16: 탕 | J16: 1시간 | K16: 없음 | M16: Y | N16: Y | P16: =IF($C16="","",_xlfn.TEXTJOIN(", ",TRUE,IF(UPPER(TRIM($L16))="Y","아침",""),IF(UPPER(TRIM($M16))="Y","점심",""),IF(UPPER(TRIM($N16))="Y","저녁",""))) -> 점심, 저녁 | Q16: =IF($C16="","","{ 카테고리: """&$B16&""", 음식: """&$C16&""", 음식구분: """&$D16&""", 제철: """&$E16&""", 재료: """&$F16&""", 식사구분: ["&_xlfn.TEXTJOIN(", ",TRUE,IF(UPPER(TRIM($L16))="Y",CHAR(34)&"아침"&CHAR(34),""),IF(UPPER(TRIM($M16))="Y",CHAR(34)&"점심"&CHAR(34),""),IF(UPPER(TRIM($N16))="Y",CHAR(34)&"저녁"&CHAR(34),""))&"], 영양분류: """&$G16&""", 주재료분류: """&$H16&""", 조리방식: """&$I16&""", 조리시간: """&$J16&""", 알레르기: """&$K16&""" },") -> { 카테고리: "한식", 음식: "감자탕", 음식구분: "국/탕", 제철: "겨울", 재료: "돼지등뼈, 감자, 우거지, 깻잎", 식사구분: ["점심", "저녁"], 영양분류: "고단백+국물", 주재료분류: "육류", 조리방식: "탕", 조리시간: "1시간", 알레르기: "없음" },
B17: 한식 | C17: 부대찌개 | D17: 찌개 | E17: 사계절 | F17: 햄, 소시지, 김치, 라면사리, 대파 | G17: 고열량 | H17: 가공육 | I17: 찌개 | J17: 25분 | K17: 밀 | M17: Y | N17: Y | P17: =IF($C17="","",_xlfn.TEXTJOIN(", ",TRUE,IF(UPPER(TRIM($L17))="Y","아침",""),IF(UPPER(TRIM($M17))="Y","점심",""),IF(UPPER(TRIM($N17))="Y","저녁",""))) -> 점심, 저녁 | Q17: =IF($C17="","","{ 카테고리: """&$B17&""", 음식: """&$C17&""", 음식구분: """&$D17&""", 제철: """&$E17&""", 재료: """&$F17&""", 식사구분: ["&_xlfn.TEXTJOIN(", ",TRUE,IF(UPPER(TRIM($L17))="Y",CHAR(34)&"아침"&CHAR(34),""),IF(UPPER(TRIM($M17))="Y",CHAR(34)&"점심"&CHAR(34),""),IF(UPPER(TRIM($N17))="Y",CHAR(34)&"저녁"&CHAR(34),""))&"], 영양분류: """&$G17&""", 주재료분류: """&$H17&""", 조리방식: """&$I17&""", 조리시간: """&$J17&""", 알레르기: """&$K17&""" },") -> { 카테고리: "한식", 음식: "부대찌개", 음식구분: "찌개", 제철: "사계절", 재료: "햄, 소시지, 김치, 라면사리, 대파", 식사구분: ["점심", "저녁"], 영양분류: "고열량", 주재료분류: "가공육", 조리방식: "찌개", 조리시간: "25분", 알레르기: "밀" },
B18: 한식 | C18: 삼계탕 | D18: 국/탕 | E18: 여름 | F18: 닭고기, 인삼, 찹쌀, 대추, 마늘 | G18: 고단백+보양식 | H18: 육류 | I18: 탕 | J18: 1시간 | K18: 없음 | M18: Y | N18: Y | P18: =IF($C18="","",_xlfn.TEXTJOIN(", ",TRUE,IF(UPPER(TRIM($L18))="Y","아침",""),IF(UPPER(TRIM($M18))="Y","점심",""),IF(UPPER(TRIM($N18))="Y","저녁",""))) -> 점심, 저녁 | Q18: =IF($C18="","","{ 카테고리: """&$B18&""", 음식: """&$C18&""", 음식구분: """&$D18&""", 제철: """&$E18&""", 재료: """&$F18&""", 식사구분: ["&_xlfn.TEXTJOIN(", ",TRUE,IF(UPPER(TRIM($L18))="Y",CHAR(34)&"아침"&CHAR(34),""),IF(UPPER(TRIM($M18))="Y",CHAR(34)&"점심"&CHAR(34),""),IF(UPPER(TRIM($N18))="Y",CHAR(34)&"저녁"&CHAR(34),""))&"], 영양분류: """&$G18&""", 주재료분류: """&$H18&""", 조리방식: """&$I18&""", 조리시간: """&$J18&""", 알레르기: """&$K18&""" },") -> { 카테고리: "한식", 음식: "삼계탕", 음식구분: "국/탕", 제철: "여름", 재료: "닭고기, 인삼, 찹쌀, 대추, 마늘", 식사구분: ["점심", "저녁"], 영양분류: "고단백+보양식", 주재료분류: "육류", 조리방식: "탕", 조리시간: "1시간", 알레르기: "없음" },
B19: 한식 | C19: 갈비탕 | D19: 국/탕 | E19: 사계절 | F19: 소갈비, 당면, 대파, 무 | G19: 고단백+국물 | H19: 육류 | I19: 탕 | J19: 1시간 | K19: 없음 | M19: Y | N19: Y | P19: =IF($C19="","",_xlfn.TEXTJOIN(", ",TRUE,IF(UPPER(TRIM($L19))="Y","아침",""),IF(UPPER(TRIM($M19))="Y","점심",""),IF(UPPER(TRIM($N19))="Y","저녁",""))) -> 점심, 저녁 | Q19: =IF($C19="","","{ 카테고리: """&$B19&""", 음식: """&$C19&""", 음식구분: """&$D19&""", 제철: """&$E19&""", 재료: """&$F19&""", 식사구분: ["&_xlfn.TEXTJOIN(", ",TRUE,IF(UPPER(TRIM($L19))="Y",CHAR(34)&"아침"&CHAR(34),""),IF(UPPER(TRIM($M19))="Y",CHAR(34)&"점심"&CHAR(34),""),IF(UPPER(TRIM($N19))="Y",CHAR(34)&"저녁"&CHAR(34),""))&"], 영양분류: """&$G19&""", 주재료분류: """&$H19&""", 조리방식: """&$I19&""", 조리시간: """&$J19&""", 알레르기: """&$K19&""" },") -> { 카테고리: "한식", 음식: "갈비탕", 음식구분: "국/탕", 제철: "사계절", 재료: "소갈비, 당면, 대파, 무", 식사구분: ["점심", "저녁"], 영양분류: "고단백+국물", 주재료분류: "육류", 조리방식: "탕", 조리시간: "1시간", 알레르기: "없음" },
B20: 한식 | C20: 국밥 | D20: 국/탕 | E20: 사계절 | F20: 돼지고기, 부추, 밥, 파 | G20: 단백질+탄수화물 | H20: 육류 | I20: 국물 | J20: 30분 | K20: 없음 | L20: Y | M20: Y | N20: Y | P20: =IF($C20="","",_xlfn.TEXTJOIN(", ",TRUE,IF(UPPER(TRIM($L20))="Y","아침",""),IF(UPPER(TRIM($M20))="Y","점심",""),IF(UPPER(TRIM($N20))="Y","저녁",""))) -> 아침, 점심, 저녁 | Q20: =IF($C20="","","{ 카테고리: """&$B20&""", 음식: """&$C20&""", 음식구분: """&$D20&""", 제철: """&$E20&""", 재료: """&$F20&""", 식사구분: ["&_xlfn.TEXTJOIN(", ",TRUE,IF(UPPER(TRIM($L20))="Y",CHAR(34)&"아침"&CHAR(34),""),IF(UPPER(TRIM($M20))="Y",CHAR(34)&"점심"&CHAR(34),""),IF(UPPER(TRIM($N20))="Y",CHAR(34)&"저녁"&CHAR(34),""))&"], 영양분류: """&$G20&""", 주재료분류: """&$H20&""", 조리방식: """&$I20&""", 조리시간: """&$J20&""", 알레르기: """&$K20&""" },") -> { 카테고리: "한식", 음식: "국밥", 음식구분: "국/탕", 제철: "사계절", 재료: "돼지고기, 부추, 밥, 파", 식사구분: ["아침", "점심", "저녁"], 영양분류: "단백질+탄수화물", 주재료분류: "육류", 조리방식: "국물", 조리시간: "30분", 알레르기: "없음" },
B21: 한식 | C21: 고등어구이 | D21: 메인반찬 | E21: 9월~11월 | F21: 고등어, 레몬 | G21: 고단백+오메가3 | H21: 생선 | I21: 구이 | J21: 20분 | K21: 생선 | M21: Y | N21: Y | P21: =IF($C21="","",_xlfn.TEXTJOIN(", ",TRUE,IF(UPPER(TRIM($L21))="Y","아침",""),IF(UPPER(TRIM($M21))="Y","점심",""),IF(UPPER(TRIM($N21))="Y","저녁",""))) -> 점심, 저녁 | Q21: =IF($C21="","","{ 카테고리: """&$B21&""", 음식: """&$C21&""", 음식구분: """&$D21&""", 제철: """&$E21&""", 재료: """&$F21&""", 식사구분: ["&_xlfn.TEXTJOIN(", ",TRUE,IF(UPPER(TRIM($L21))="Y",CHAR(34)&"아침"&CHAR(34),""),IF(UPPER(TRIM($M21))="Y",CHAR(34)&"점심"&CHAR(34),""),IF(UPPER(TRIM($N21))="Y",CHAR(34)&"저녁"&CHAR(34),""))&"], 영양분류: """&$G21&""", 주재료분류: """&$H21&""", 조리방식: """&$I21&""", 조리시간: """&$J21&""", 알레르기: """&$K21&""" },") -> { 카테고리: "한식", 음식: "고등어구이", 음식구분: "메인반찬", 제철: "9월~11월", 재료: "고등어, 레몬", 식사구분: ["점심", "저녁"], 영양분류: "고단백+오메가3", 주재료분류: "생선", 조리방식: "구이", 조리시간: "20분", 알레르기: "생선" },
B22: 한식 | C22: 갈치구이 | D22: 메인반찬 | E22: 7월~10월 | F22: 갈치 | G22: 고단백 | H22: 생선 | I22: 구이 | J22: 20분 | K22: 생선 | M22: Y | N22: Y | P22: =IF($C22="","",_xlfn.TEXTJOIN(", ",TRUE,IF(UPPER(TRIM($L22))="Y","아침",""),IF(UPPER(TRIM($M22))="Y","점심",""),IF(UPPER(TRIM($N22))="Y","저녁",""))) -> 점심, 저녁 | Q22: =IF($C22="","","{ 카테고리: """&$B22&""", 음식: """&$C22&""", 음식구분: """&$D22&""", 제철: """&$E22&""", 재료: """&$F22&""", 식사구분: ["&_xlfn.TEXTJOIN(", ",TRUE,IF(UPPER(TRIM($L22))="Y",CHAR(34)&"아침"&CHAR(34),""),IF(UPPER(TRIM($M22))="Y",CHAR(34)&"점심"&CHAR(34),""),IF(UPPER(TRIM($N22))="Y",CHAR(34)&"저녁"&CHAR(34),""))&"], 영양분류: """&$G22&""", 주재료분류: """&$H22&""", 조리방식: """&$I22&""", 조리시간: """&$J22&""", 알레르기: """&$K22&""" },") -> { 카테고리: "한식", 음식: "갈치구이", 음식구분: "메인반찬", 제철: "7월~10월", 재료: "갈치", 식사구분: ["점심", "저녁"], 영양분류: "고단백", 주재료분류: "생선", 조리방식: "구이", 조리시간: "20분", 알레르기: "생선" },
B23: 한식 | C23: 삼치구이 | D23: 메인반찬 | E23: 10월~2월 | F23: 삼치, 레몬 | G23: 고단백+오메가3 | H23: 생선 | I23: 구이 | J23: 20분 | K23: 생선 | M23: Y | N23: Y | P23: =IF($C23="","",_xlfn.TEXTJOIN(", ",TRUE,IF(UPPER(TRIM($L23))="Y","아침",""),IF(UPPER(TRIM($M23))="Y","점심",""),IF(UPPER(TRIM($N23))="Y","저녁",""))) -> 점심, 저녁 | Q23: =IF($C23="","","{ 카테고리: """&$B23&""", 음식: """&$C23&""", 음식구분: """&$D23&""", 제철: """&$E23&""", 재료: """&$F23&""", 식사구분: ["&_xlfn.TEXTJOIN(", ",TRUE,IF(UPPER(TRIM($L23))="Y",CHAR(34)&"아침"&CHAR(34),""),IF(UPPER(TRIM($M23))="Y",CHAR(34)&"점심"&CHAR(34),""),IF(UPPER(TRIM($N23))="Y",CHAR(34)&"저녁"&CHAR(34),""))&"], 영양분류: """&$G23&""", 주재료분류: """&$H23&""", 조리방식: """&$I23&""", 조리시간: """&$J23&""", 알레르기: """&$K23&""" },") -> { 카테고리: "한식", 음식: "삼치구이", 음식구분: "메인반찬", 제철: "10월~2월", 재료: "삼치, 레몬", 식사구분: ["점심", "저녁"], 영양분류: "고단백+오메가3", 주재료분류: "생선", 조리방식: "구이", 조리시간: "20분", 알레르기: "생선" },
B24: 한식 | C24: 임연수구이 | D24: 메인반찬 | E24: 11월~3월 | F24: 임연수 | G24: 고단백 | H24: 생선 | I24: 구이 | J24: 20분 | K24: 생선 | M24: Y | N24: Y | P24: =IF($C24="","",_xlfn.TEXTJOIN(", ",TRUE,IF(UPPER(TRIM($L24))="Y","아침",""),IF(UPPER(TRIM($M24))="Y","점심",""),IF(UPPER(TRIM($N24))="Y","저녁",""))) -> 점심, 저녁 | Q24: =IF($C24="","","{ 카테고리: """&$B24&""", 음식: """&$C24&""", 음식구분: """&$D24&""", 제철: """&$E24&""", 재료: """&$F24&""", 식사구분: ["&_xlfn.TEXTJOIN(", ",TRUE,IF(UPPER(TRIM($L24))="Y",CHAR(34)&"아침"&CHAR(34),""),IF(UPPER(TRIM($M24))="Y",CHAR(34)&"점심"&CHAR(34),""),IF(UPPER(TRIM($N24))="Y",CHAR(34)&"저녁"&CHAR(34),""))&"], 영양분류: """&$G24&""", 주재료분류: """&$H24&""", 조리방식: """&$I24&""", 조리시간: """&$J24&""", 알레르기: """&$K24&""" },") -> { 카테고리: "한식", 음식: "임연수구이", 음식구분: "메인반찬", 제철: "11월~3월", 재료: "임연수", 식사구분: ["점심", "저녁"], 영양분류: "고단백", 주재료분류: "생선", 조리방식: "구이", 조리시간: "20분", 알레르기: "생선" },
B25: 한식 | C25: 꽁치구이 | D25: 메인반찬 | E25: 10월~11월 | F25: 꽁치 | G25: 고단백+오메가3 | H25: 생선 | I25: 구이 | J25: 20분 | K25: 생선 | M25: Y | N25: Y | P25: =IF($C25="","",_xlfn.TEXTJOIN(", ",TRUE,IF(UPPER(TRIM($L25))="Y","아침",""),IF(UPPER(TRIM($M25))="Y","점심",""),IF(UPPER(TRIM($N25))="Y","저녁",""))) -> 점심, 저녁 | Q25: =IF($C25="","","{ 카테고리: """&$B25&""", 음식: """&$C25&""", 음식구분: """&$D25&""", 제철: """&$E25&""", 재료: """&$F25&""", 식사구분: ["&_xlfn.TEXTJOIN(", ",TRUE,IF(UPPER(TRIM($L25))="Y",CHAR(34)&"아침"&CHAR(34),""),IF(UPPER(TRIM($M25))="Y",CHAR(34)&"점심"&CHAR(34),""),IF(UPPER(TRIM($N25))="Y",CHAR(34)&"저녁"&CHAR(34),""))&"], 영양분류: """&$G25&""", 주재료분류: """&$H25&""", 조리방식: """&$I25&""", 조리시간: """&$J25&""", 알레르기: """&$K25&""" },") -> { 카테고리: "한식", 음식: "꽁치구이", 음식구분: "메인반찬", 제철: "10월~11월", 재료: "꽁치", 식사구분: ["점심", "저녁"], 영양분류: "고단백+오메가3", 주재료분류: "생선", 조리방식: "구이", 조리시간: "20분", 알레르기: "생선" },
B26: 중식 | C26: 짜장면 | D26: 면 | E26: 사계절 | F26: 돼지고기, 양파, 양배추, 면 | G26: 탄수화물 | H26: 면 | I26: 볶음 | J26: 30분 | K26: 밀 | M26: Y | N26: Y | P26: =IF($C26="","",_xlfn.TEXTJOIN(", ",TRUE,IF(UPPER(TRIM($L26))="Y","아침",""),IF(UPPER(TRIM($M26))="Y","점심",""),IF(UPPER(TRIM($N26))="Y","저녁",""))) -> 점심, 저녁 | Q26: =IF($C26="","","{ 카테고리: """&$B26&""", 음식: """&$C26&""", 음식구분: """&$D26&""", 제철: """&$E26&""", 재료: """&$F26&""", 식사구분: ["&_xlfn.TEXTJOIN(", ",TRUE,IF(UPPER(TRIM($L26))="Y",CHAR(34)&"아침"&CHAR(34),""),IF(UPPER(TRIM($M26))="Y",CHAR(34)&"점심"&CHAR(34),""),IF(UPPER(TRIM($N26))="Y",CHAR(34)&"저녁"&CHAR(34),""))&"], 영양분류: """&$G26&""", 주재료분류: """&$H26&""", 조리방식: """&$I26&""", 조리시간: """&$J26&""", 알레르기: """&$K26&""" },") -> { 카테고리: "중식", 음식: "짜장면", 음식구분: "면", 제철: "사계절", 재료: "돼지고기, 양파, 양배추, 면", 식사구분: ["점심", "저녁"], 영양분류: "탄수화물", 주재료분류: "면", 조리방식: "볶음", 조리시간: "30분", 알레르기: "밀" },
B27: 중식 | C27: 짬뽕 | D27: 메인반찬 | E27: 사계절 | F27: 오징어, 홍합, 새우, 양파, 면 | G27: 해산물+국물 | H27: 해산물 | I27: 국물 | J27: 30분 | K27: 새우, 조개류, 밀 | M27: Y | N27: Y | P27: =IF($C27="","",_xlfn.TEXTJOIN(", ",TRUE,IF(UPPER(TRIM($L27))="Y","아침",""),IF(UPPER(TRIM($M27))="Y","점심",""),IF(UPPER(TRIM($N27))="Y","저녁",""))) -> 점심, 저녁 | Q27: =IF($C27="","","{ 카테고리: """&$B27&""", 음식: """&$C27&""", 음식구분: """&$D27&""", 제철: """&$E27&""", 재료: """&$F27&""", 식사구분: ["&_xlfn.TEXTJOIN(", ",TRUE,IF(UPPER(TRIM($L27))="Y",CHAR(34)&"아침"&CHAR(34),""),IF(UPPER(TRIM($M27))="Y",CHAR(34)&"점심"&CHAR(34),""),IF(UPPER(TRIM($N27))="Y",CHAR(34)&"저녁"&CHAR(34),""))&"], 영양분류: """&$G27&""", 주재료분류: """&$H27&""", 조리방식: """&$I27&""", 조리시간: """&$J27&""", 알레르기: """&$K27&""" },") -> { 카테고리: "중식", 음식: "짬뽕", 음식구분: "메인반찬", 제철: "사계절", 재료: "오징어, 홍합, 새우, 양파, 면", 식사구분: ["점심", "저녁"], 영양분류: "해산물+국물", 주재료분류: "해산물", 조리방식: "국물", 조리시간: "30분", 알레르기: "새우, 조개류, 밀" },
B28: 중식 | C28: 탕수육 | D28: 메인반찬 | E28: 사계절 | F28: 돼지고기, 양파, 목이버섯, 당근 | G28: 고단백+튀김 | H28: 육류 | I28: 튀김 | J28: 40분 | K28: 밀 | M28: Y | N28: Y | P28: =IF($C28="","",_xlfn.TEXTJOIN(", ",TRUE,IF(UPPER(TRIM($L28))="Y","아침",""),IF(UPPER(TRIM($M28))="Y","점심",""),IF(UPPER(TRIM($N28))="Y","저녁",""))) -> 점심, 저녁 | Q28: =IF($C28="","","{ 카테고리: """&$B28&""", 음식: """&$C28&""", 음식구분: """&$D28&""", 제철: """&$E28&""", 재료: """&$F28&""", 식사구분: ["&_xlfn.TEXTJOIN(", ",TRUE,IF(UPPER(TRIM($L28))="Y",CHAR(34)&"아침"&CHAR(34),""),IF(UPPER(TRIM($M28))="Y",CHAR(34)&"점심"&CHAR(34),""),IF(UPPER(TRIM($N28))="Y",CHAR(34)&"저녁"&CHAR(34),""))&"], 영양분류: """&$G28&""", 주재료분류: """&$H28&""", 조리방식: """&$I28&""", 조리시간: """&$J28&""", 알레르기: """&$K28&""" },") -> { 카테고리: "중식", 음식: "탕수육", 음식구분: "메인반찬", 제철: "사계절", 재료: "돼지고기, 양파, 목이버섯, 당근", 식사구분: ["점심", "저녁"], 영양분류: "고단백+튀김", 주재료분류: "육류", 조리방식: "튀김", 조리시간: "40분", 알레르기: "밀" },
B29: 중식 | C29: 마파두부 | D29: 메인반찬 | E29: 사계절 | F29: 두부, 돼지고기 다짐육, 파 | G29: 단백질 | H29: 두부 | I29: 볶음 | J29: 25분 | K29: 대두 | M29: Y | N29: Y | P29: =IF($C29="","",_xlfn.TEXTJOIN(", ",TRUE,IF(UPPER(TRIM($L29))="Y","아침",""),IF(UPPER(TRIM($M29))="Y","점심",""),IF(UPPER(TRIM($N29))="Y","저녁",""))) -> 점심, 저녁 | Q29: =IF($C29="","","{ 카테고리: """&$B29&""", 음식: """&$C29&""", 음식구분: """&$D29&""", 제철: """&$E29&""", 재료: """&$F29&""", 식사구분: ["&_xlfn.TEXTJOIN(", ",TRUE,IF(UPPER(TRIM($L29))="Y",CHAR(34)&"아침"&CHAR(34),""),IF(UPPER(TRIM($M29))="Y",CHAR(34)&"점심"&CHAR(34),""),IF(UPPER(TRIM($N29))="Y",CHAR(34)&"저녁"&CHAR(34),""))&"], 영양분류: """&$G29&""", 주재료분류: """&$H29&""", 조리방식: """&$I29&""", 조리시간: """&$J29&""", 알레르기: """&$K29&""" },") -> { 카테고리: "중식", 음식: "마파두부", 음식구분: "메인반찬", 제철: "사계절", 재료: "두부, 돼지고기 다짐육, 파", 식사구분: ["점심", "저녁"], 영양분류: "단백질", 주재료분류: "두부", 조리방식: "볶음", 조리시간: "25분", 알레르기: "대두" },
B30: 중식 | C30: 깐풍기 | D30: 메인반찬 | E30: 사계절 | F30: 닭고기, 양상추, 피망 | G30: 고단백+튀김 | H30: 육류 | I30: 튀김 | J30: 40분 | K30: 밀 | M30: Y | N30: Y | P30: =IF($C30="","",_xlfn.TEXTJOIN(", ",TRUE,IF(UPPER(TRIM($L30))="Y","아침",""),IF(UPPER(TRIM($M30))="Y","점심",""),IF(UPPER(TRIM($N30))="Y","저녁",""))) -> 점심, 저녁 | Q30: =IF($C30="","","{ 카테고리: """&$B30&""", 음식: """&$C30&""", 음식구분: """&$D30&""", 제철: """&$E30&""", 재료: """&$F30&""", 식사구분: ["&_xlfn.TEXTJOIN(", ",TRUE,IF(UPPER(TRIM($L30))="Y",CHAR(34)&"아침"&CHAR(34),""),IF(UPPER(TRIM($M30))="Y",CHAR(34)&"점심"&CHAR(34),""),IF(UPPER(TRIM($N30))="Y",CHAR(34)&"저녁"&CHAR(34),""))&"], 영양분류: """&$G30&""", 주재료분류: """&$H30&""", 조리방식: """&$I30&""", 조리시간: """&$J30&""", 알레르기: """&$K30&""" },") -> { 카테고리: "중식", 음식: "깐풍기", 음식구분: "메인반찬", 제철: "사계절", 재료: "닭고기, 양상추, 피망", 식사구분: ["점심", "저녁"], 영양분류: "고단백+튀김", 주재료분류: "육류", 조리방식: "튀김", 조리시간: "40분", 알레르기: "밀" },
B31: 중식 | C31: 볶음밥 | D31: 메인반찬 | E31: 사계절 | F31: 밥, 계란, 파, 새우 | G31: 탄수화물+단백질 | H31: 밥 | I31: 볶음 | J31: 20분 | K31: 계란, 새우 | L31: Y | M31: Y | N31: Y | P31: =IF($C31="","",_xlfn.TEXTJOIN(", ",TRUE,IF(UPPER(TRIM($L31))="Y","아침",""),IF(UPPER(TRIM($M31))="Y","점심",""),IF(UPPER(TRIM($N31))="Y","저녁",""))) -> 아침, 점심, 저녁 | Q31: =IF($C31="","","{ 카테고리: """&$B31&""", 음식: """&$C31&""", 음식구분: """&$D31&""", 제철: """&$E31&""", 재료: """&$F31&""", 식사구분: ["&_xlfn.TEXTJOIN(", ",TRUE,IF(UPPER(TRIM($L31))="Y",CHAR(34)&"아침"&CHAR(34),""),IF(UPPER(TRIM($M31))="Y",CHAR(34)&"점심"&CHAR(34),""),IF(UPPER(TRIM($N31))="Y",CHAR(34)&"저녁"&CHAR(34),""))&"], 영양분류: """&$G31&""", 주재료분류: """&$H31&""", 조리방식: """&$I31&""", 조리시간: """&$J31&""", 알레르기: """&$K31&""" },") -> { 카테고리: "중식", 음식: "볶음밥", 음식구분: "메인반찬", 제철: "사계절", 재료: "밥, 계란, 파, 새우", 식사구분: ["아침", "점심", "저녁"], 영양분류: "탄수화물+단백질", 주재료분류: "밥", 조리방식: "볶음", 조리시간: "20분", 알레르기: "계란, 새우" },
B32: 일식 | C32: 초밥 | D32: 메인반찬 | E32: 사계절 | F32: 생선, 밥 | G32: 고단백 | H32: 생선 | I32: 생식 | J32: 30분 | K32: 생선 | M32: Y | N32: Y | P32: =IF($C32="","",_xlfn.TEXTJOIN(", ",TRUE,IF(UPPER(TRIM($L32))="Y","아침",""),IF(UPPER(TRIM($M32))="Y","점심",""),IF(UPPER(TRIM($N32))="Y","저녁",""))) -> 점심, 저녁 | Q32: =IF($C32="","","{ 카테고리: """&$B32&""", 음식: """&$C32&""", 음식구분: """&$D32&""", 제철: """&$E32&""", 재료: """&$F32&""", 식사구분: ["&_xlfn.TEXTJOIN(", ",TRUE,IF(UPPER(TRIM($L32))="Y",CHAR(34)&"아침"&CHAR(34),""),IF(UPPER(TRIM($M32))="Y",CHAR(34)&"점심"&CHAR(34),""),IF(UPPER(TRIM($N32))="Y",CHAR(34)&"저녁"&CHAR(34),""))&"], 영양분류: """&$G32&""", 주재료분류: """&$H32&""", 조리방식: """&$I32&""", 조리시간: """&$J32&""", 알레르기: """&$K32&""" },") -> { 카테고리: "일식", 음식: "초밥", 음식구분: "메인반찬", 제철: "사계절", 재료: "생선, 밥", 식사구분: ["점심", "저녁"], 영양분류: "고단백", 주재료분류: "생선", 조리방식: "생식", 조리시간: "30분", 알레르기: "생선" },
B33: 일식 | C33: 돈카츠 | D33: 메인반찬 | E33: 사계절 | F33: 돼지고기 등심, 양배추 | G33: 고단백+튀김 | H33: 육류 | I33: 튀김 | J33: 35분 | K33: 밀, 계란 | M33: Y | N33: Y | P33: =IF($C33="","",_xlfn.TEXTJOIN(", ",TRUE,IF(UPPER(TRIM($L33))="Y","아침",""),IF(UPPER(TRIM($M33))="Y","점심",""),IF(UPPER(TRIM($N33))="Y","저녁",""))) -> 점심, 저녁 | Q33: =IF($C33="","","{ 카테고리: """&$B33&""", 음식: """&$C33&""", 음식구분: """&$D33&""", 제철: """&$E33&""", 재료: """&$F33&""", 식사구분: ["&_xlfn.TEXTJOIN(", ",TRUE,IF(UPPER(TRIM($L33))="Y",CHAR(34)&"아침"&CHAR(34),""),IF(UPPER(TRIM($M33))="Y",CHAR(34)&"점심"&CHAR(34),""),IF(UPPER(TRIM($N33))="Y",CHAR(34)&"저녁"&CHAR(34),""))&"], 영양분류: """&$G33&""", 주재료분류: """&$H33&""", 조리방식: """&$I33&""", 조리시간: """&$J33&""", 알레르기: """&$K33&""" },") -> { 카테고리: "일식", 음식: "돈카츠", 음식구분: "메인반찬", 제철: "사계절", 재료: "돼지고기 등심, 양배추", 식사구분: ["점심", "저녁"], 영양분류: "고단백+튀김", 주재료분류: "육류", 조리방식: "튀김", 조리시간: "35분", 알레르기: "밀, 계란" },
B34: 일식 | C34: 라멘 | D34: 면 | E34: 사계절 | F34: 라멘 면, 돼지고기 챠슈, 숙주, 반숙란 | G34: 탄수화물+국물 | H34: 면 | I34: 국물 | J34: 30분 | K34: 밀, 계란 | M34: Y | N34: Y | P34: =IF($C34="","",_xlfn.TEXTJOIN(", ",TRUE,IF(UPPER(TRIM($L34))="Y","아침",""),IF(UPPER(TRIM($M34))="Y","점심",""),IF(UPPER(TRIM($N34))="Y","저녁",""))) -> 점심, 저녁 | Q34: =IF($C34="","","{ 카테고리: """&$B34&""", 음식: """&$C34&""", 음식구분: """&$D34&""", 제철: """&$E34&""", 재료: """&$F34&""", 식사구분: ["&_xlfn.TEXTJOIN(", ",TRUE,IF(UPPER(TRIM($L34))="Y",CHAR(34)&"아침"&CHAR(34),""),IF(UPPER(TRIM($M34))="Y",CHAR(34)&"점심"&CHAR(34),""),IF(UPPER(TRIM($N34))="Y",CHAR(34)&"저녁"&CHAR(34),""))&"], 영양분류: """&$G34&""", 주재료분류: """&$H34&""", 조리방식: """&$I34&""", 조리시간: """&$J34&""", 알레르기: """&$K34&""" },") -> { 카테고리: "일식", 음식: "라멘", 음식구분: "면", 제철: "사계절", 재료: "라멘 면, 돼지고기 챠슈, 숙주, 반숙란", 식사구분: ["점심", "저녁"], 영양분류: "탄수화물+국물", 주재료분류: "면", 조리방식: "국물", 조리시간: "30분", 알레르기: "밀, 계란" },
B35: 일식 | C35: 우동 | D35: 면 | E35: 겨울 | F35: 우동 면, 어묵, 대파, 쑥갓 | G35: 가벼운 국물 | H35: 면 | I35: 국물 | J35: 20분 | K35: 밀, 생선 | L35: Y | M35: Y | N35: Y | P35: =IF($C35="","",_xlfn.TEXTJOIN(", ",TRUE,IF(UPPER(TRIM($L35))="Y","아침",""),IF(UPPER(TRIM($M35))="Y","점심",""),IF(UPPER(TRIM($N35))="Y","저녁",""))) -> 아침, 점심, 저녁 | Q35: =IF($C35="","","{ 카테고리: """&$B35&""", 음식: """&$C35&""", 음식구분: """&$D35&""", 제철: """&$E35&""", 재료: """&$F35&""", 식사구분: ["&_xlfn.TEXTJOIN(", ",TRUE,IF(UPPER(TRIM($L35))="Y",CHAR(34)&"아침"&CHAR(34),""),IF(UPPER(TRIM($M35))="Y",CHAR(34)&"점심"&CHAR(34),""),IF(UPPER(TRIM($N35))="Y",CHAR(34)&"저녁"&CHAR(34),""))&"], 영양분류: """&$G35&""", 주재료분류: """&$H35&""", 조리방식: """&$I35&""", 조리시간: """&$J35&""", 알레르기: """&$K35&""" },") -> { 카테고리: "일식", 음식: "우동", 음식구분: "면", 제철: "겨울", 재료: "우동 면, 어묵, 대파, 쑥갓", 식사구분: ["아침", "점심", "저녁"], 영양분류: "가벼운 국물", 주재료분류: "면", 조리방식: "국물", 조리시간: "20분", 알레르기: "밀, 생선" },
B36: 일식 | C36: 사케동 (연어덮밥) | D36: 메인반찬 | E36: 사계절 | F36: 연어, 밥, 양파 | G36: 고단백+오메가3 | H36: 생선 | I36: 덮밥 | J36: 20분 | K36: 생선 | M36: Y | N36: Y | P36: =IF($C36="","",_xlfn.TEXTJOIN(", ",TRUE,IF(UPPER(TRIM($L36))="Y","아침",""),IF(UPPER(TRIM($M36))="Y","점심",""),IF(UPPER(TRIM($N36))="Y","저녁",""))) -> 점심, 저녁 | Q36: =IF($C36="","","{ 카테고리: """&$B36&""", 음식: """&$C36&""", 음식구분: """&$D36&""", 제철: """&$E36&""", 재료: """&$F36&""", 식사구분: ["&_xlfn.TEXTJOIN(", ",TRUE,IF(UPPER(TRIM($L36))="Y",CHAR(34)&"아침"&CHAR(34),""),IF(UPPER(TRIM($M36))="Y",CHAR(34)&"점심"&CHAR(34),""),IF(UPPER(TRIM($N36))="Y",CHAR(34)&"저녁"&CHAR(34),""))&"], 영양분류: """&$G36&""", 주재료분류: """&$H36&""", 조리방식: """&$I36&""", 조리시간: """&$J36&""", 알레르기: """&$K36&""" },") -> { 카테고리: "일식", 음식: "사케동 (연어덮밥)", 음식구분: "메인반찬", 제철: "사계절", 재료: "연어, 밥, 양파", 식사구분: ["점심", "저녁"], 영양분류: "고단백+오메가3", 주재료분류: "생선", 조리방식: "덮밥", 조리시간: "20분", 알레르기: "생선" },
B37: 일식 | C37: 텐동 (튀김덮밥) | D37: 메인반찬 | E37: 사계절 | F37: 새우, 단호박, 가지, 밥 | G37: 탄수화물+튀김 | H37: 해산물 | I37: 튀김 | J37: 35분 | K37: 새우, 밀 | M37: Y | N37: Y | P37: =IF($C37="","",_xlfn.TEXTJOIN(", ",TRUE,IF(UPPER(TRIM($L37))="Y","아침",""),IF(UPPER(TRIM($M37))="Y","점심",""),IF(UPPER(TRIM($N37))="Y","저녁",""))) -> 점심, 저녁 | Q37: =IF($C37="","","{ 카테고리: """&$B37&""", 음식: """&$C37&""", 음식구분: """&$D37&""", 제철: """&$E37&""", 재료: """&$F37&""", 식사구분: ["&_xlfn.TEXTJOIN(", ",TRUE,IF(UPPER(TRIM($L37))="Y",CHAR(34)&"아침"&CHAR(34),""),IF(UPPER(TRIM($M37))="Y",CHAR(34)&"점심"&CHAR(34),""),IF(UPPER(TRIM($N37))="Y",CHAR(34)&"저녁"&CHAR(34),""))&"], 영양분류: """&$G37&""", 주재료분류: """&$H37&""", 조리방식: """&$I37&""", 조리시간: """&$J37&""", 알레르기: """&$K37&""" },") -> { 카테고리: "일식", 음식: "텐동 (튀김덮밥)", 음식구분: "메인반찬", 제철: "사계절", 재료: "새우, 단호박, 가지, 밥", 식사구분: ["점심", "저녁"], 영양분류: "탄수화물+튀김", 주재료분류: "해산물", 조리방식: "튀김", 조리시간: "35분", 알레르기: "새우, 밀" },
B38: 양식 | C38: 파스타 | D38: 메인반찬 | E38: 사계절 | F38: 파스타 면, 토마토, 마늘, 베이컨 | G38: 탄수화물 | H38: 면 | I38: 볶음 | J38: 25분 | K38: 밀 | M38: Y | N38: Y | P38: =IF($C38="","",_xlfn.TEXTJOIN(", ",TRUE,IF(UPPER(TRIM($L38))="Y","아침",""),IF(UPPER(TRIM($M38))="Y","점심",""),IF(UPPER(TRIM($N38))="Y","저녁",""))) -> 점심, 저녁 | Q38: =IF($C38="","","{ 카테고리: """&$B38&""", 음식: """&$C38&""", 음식구분: """&$D38&""", 제철: """&$E38&""", 재료: """&$F38&""", 식사구분: ["&_xlfn.TEXTJOIN(", ",TRUE,IF(UPPER(TRIM($L38))="Y",CHAR(34)&"아침"&CHAR(34),""),IF(UPPER(TRIM($M38))="Y",CHAR(34)&"점심"&CHAR(34),""),IF(UPPER(TRIM($N38))="Y",CHAR(34)&"저녁"&CHAR(34),""))&"], 영양분류: """&$G38&""", 주재료분류: """&$H38&""", 조리방식: """&$I38&""", 조리시간: """&$J38&""", 알레르기: """&$K38&""" },") -> { 카테고리: "양식", 음식: "파스타", 음식구분: "메인반찬", 제철: "사계절", 재료: "파스타 면, 토마토, 마늘, 베이컨", 식사구분: ["점심", "저녁"], 영양분류: "탄수화물", 주재료분류: "면", 조리방식: "볶음", 조리시간: "25분", 알레르기: "밀" },
B39: 양식 | C39: 스테이크 | D39: 메인반찬 | E39: 사계절 | F39: 소고기 안심, 아스파라거스, 방울토마토 | G39: 고단백 | H39: 육류 | I39: 구이 | J39: 30분 | K39: 없음 | N39: Y | P39: =IF($C39="","",_xlfn.TEXTJOIN(", ",TRUE,IF(UPPER(TRIM($L39))="Y","아침",""),IF(UPPER(TRIM($M39))="Y","점심",""),IF(UPPER(TRIM($N39))="Y","저녁",""))) -> 저녁 | Q39: =IF($C39="","","{ 카테고리: """&$B39&""", 음식: """&$C39&""", 음식구분: """&$D39&""", 제철: """&$E39&""", 재료: """&$F39&""", 식사구분: ["&_xlfn.TEXTJOIN(", ",TRUE,IF(UPPER(TRIM($L39))="Y",CHAR(34)&"아침"&CHAR(34),""),IF(UPPER(TRIM($M39))="Y",CHAR(34)&"점심"&CHAR(34),""),IF(UPPER(TRIM($N39))="Y",CHAR(34)&"저녁"&CHAR(34),""))&"], 영양분류: """&$G39&""", 주재료분류: """&$H39&""", 조리방식: """&$I39&""", 조리시간: """&$J39&""", 알레르기: """&$K39&""" },") -> { 카테고리: "양식", 음식: "스테이크", 음식구분: "메인반찬", 제철: "사계절", 재료: "소고기 안심, 아스파라거스, 방울토마토", 식사구분: ["저녁"], 영양분류: "고단백", 주재료분류: "육류", 조리방식: "구이", 조리시간: "30분", 알레르기: "없음" },
B40: 양식 | C40: 피자 | D40: 메인반찬 | E40: 사계절 | F40: 밀가루 도우, 치즈, 페퍼로니, 양송이 | G40: 고열량 | H40: 밀 | I40: 구이 | J40: 40분 | K40: 밀, 우유 | M40: Y | N40: Y | P40: =IF($C40="","",_xlfn.TEXTJOIN(", ",TRUE,IF(UPPER(TRIM($L40))="Y","아침",""),IF(UPPER(TRIM($M40))="Y","점심",""),IF(UPPER(TRIM($N40))="Y","저녁",""))) -> 점심, 저녁 | Q40: =IF($C40="","","{ 카테고리: """&$B40&""", 음식: """&$C40&""", 음식구분: """&$D40&""", 제철: """&$E40&""", 재료: """&$F40&""", 식사구분: ["&_xlfn.TEXTJOIN(", ",TRUE,IF(UPPER(TRIM($L40))="Y",CHAR(34)&"아침"&CHAR(34),""),IF(UPPER(TRIM($M40))="Y",CHAR(34)&"점심"&CHAR(34),""),IF(UPPER(TRIM($N40))="Y",CHAR(34)&"저녁"&CHAR(34),""))&"], 영양분류: """&$G40&""", 주재료분류: """&$H40&""", 조리방식: """&$I40&""", 조리시간: """&$J40&""", 알레르기: """&$K40&""" },") -> { 카테고리: "양식", 음식: "피자", 음식구분: "메인반찬", 제철: "사계절", 재료: "밀가루 도우, 치즈, 페퍼로니, 양송이", 식사구분: ["점심", "저녁"], 영양분류: "고열량", 주재료분류: "밀", 조리방식: "구이", 조리시간: "40분", 알레르기: "밀, 우유" },
B41: 양식 | C41: 햄버거 | D41: 메인반찬 | E41: 사계절 | F41: 소고기 패티, 빵, 양상추, 토마토, 치즈 | G41: 단백질+탄수화물 | H41: 육류 | I41: 구이 | J41: 25분 | K41: 밀, 우유 | M41: Y | N41: Y | P41: =IF($C41="","",_xlfn.TEXTJOIN(", ",TRUE,IF(UPPER(TRIM($L41))="Y","아침",""),IF(UPPER(TRIM($M41))="Y","점심",""),IF(UPPER(TRIM($N41))="Y","저녁",""))) -> 점심, 저녁 | Q41: =IF($C41="","","{ 카테고리: """&$B41&""", 음식: """&$C41&""", 음식구분: """&$D41&""", 제철: """&$E41&""", 재료: """&$F41&""", 식사구분: ["&_xlfn.TEXTJOIN(", ",TRUE,IF(UPPER(TRIM($L41))="Y",CHAR(34)&"아침"&CHAR(34),""),IF(UPPER(TRIM($M41))="Y",CHAR(34)&"점심"&CHAR(34),""),IF(UPPER(TRIM($N41))="Y",CHAR(34)&"저녁"&CHAR(34),""))&"], 영양분류: """&$G41&""", 주재료분류: """&$H41&""", 조리방식: """&$I41&""", 조리시간: """&$J41&""", 알레르기: """&$K41&""" },") -> { 카테고리: "양식", 음식: "햄버거", 음식구분: "메인반찬", 제철: "사계절", 재료: "소고기 패티, 빵, 양상추, 토마토, 치즈", 식사구분: ["점심", "저녁"], 영양분류: "단백질+탄수화물", 주재료분류: "육류", 조리방식: "구이", 조리시간: "25분", 알레르기: "밀, 우유" },
B42: 양식 | C42: 샐러드 | D42: 메인반찬 | E42: 사계절 | F42: 양상추, 닭가슴살, 방울토마토, 오이 | G42: 저열량+고단백 | H42: 채소 | I42: 생식 | J42: 10분 | K42: 없음 | L42: Y | M42: Y | N42: Y | P42: =IF($C42="","",_xlfn.TEXTJOIN(", ",TRUE,IF(UPPER(TRIM($L42))="Y","아침",""),IF(UPPER(TRIM($M42))="Y","점심",""),IF(UPPER(TRIM($N42))="Y","저녁",""))) -> 아침, 점심, 저녁 | Q42: =IF($C42="","","{ 카테고리: """&$B42&""", 음식: """&$C42&""", 음식구분: """&$D42&""", 제철: """&$E42&""", 재료: """&$F42&""", 식사구분: ["&_xlfn.TEXTJOIN(", ",TRUE,IF(UPPER(TRIM($L42))="Y",CHAR(34)&"아침"&CHAR(34),""),IF(UPPER(TRIM($M42))="Y",CHAR(34)&"점심"&CHAR(34),""),IF(UPPER(TRIM($N42))="Y",CHAR(34)&"저녁"&CHAR(34),""))&"], 영양분류: """&$G42&""", 주재료분류: """&$H42&""", 조리방식: """&$I42&""", 조리시간: """&$J42&""", 알레르기: """&$K42&""" },") -> { 카테고리: "양식", 음식: "샐러드", 음식구분: "메인반찬", 제철: "사계절", 재료: "양상추, 닭가슴살, 방울토마토, 오이", 식사구분: ["아침", "점심", "저녁"], 영양분류: "저열량+고단백", 주재료분류: "채소", 조리방식: "생식", 조리시간: "10분", 알레르기: "없음" },
B43: 양식 | C43: 리조또 | D43: 메인반찬 | E43: 사계절 | F43: 쌀, 양송이버섯, 우유, 베이컨 | G43: 탄수화물 | H43: 밥 | I43: 볶음 | J43: 30분 | K43: 우유 | M43: Y | N43: Y | P43: =IF($C43="","",_xlfn.TEXTJOIN(", ",TRUE,IF(UPPER(TRIM($L43))="Y","아침",""),IF(UPPER(TRIM($M43))="Y","점심",""),IF(UPPER(TRIM($N43))="Y","저녁",""))) -> 점심, 저녁 | Q43: =IF($C43="","","{ 카테고리: """&$B43&""", 음식: """&$C43&""", 음식구분: """&$D43&""", 제철: """&$E43&""", 재료: """&$F43&""", 식사구분: ["&_xlfn.TEXTJOIN(", ",TRUE,IF(UPPER(TRIM($L43))="Y",CHAR(34)&"아침"&CHAR(34),""),IF(UPPER(TRIM($M43))="Y",CHAR(34)&"점심"&CHAR(34),""),IF(UPPER(TRIM($N43))="Y",CHAR(34)&"저녁"&CHAR(34),""))&"], 영양분류: """&$G43&""", 주재료분류: """&$H43&""", 조리방식: """&$I43&""", 조리시간: """&$J43&""", 알레르기: """&$K43&""" },") -> { 카테고리: "양식", 음식: "리조또", 음식구분: "메인반찬", 제철: "사계절", 재료: "쌀, 양송이버섯, 우유, 베이컨", 식사구분: ["점심", "저녁"], 영양분류: "탄수화물", 주재료분류: "밥", 조리방식: "볶음", 조리시간: "30분", 알레르기: "우유" },
B44: 분식 | C44: 떡볶이 | D44: 메인반찬 | E44: 사계절 | F44: 떡, 어묵, 대파, 계란 | G44: 탄수화물 | H44: 떡 | I44: 볶음 | J44: 25분 | K44: 계란, 생선 | M44: Y | N44: Y | P44: =IF($C44="","",_xlfn.TEXTJOIN(", ",TRUE,IF(UPPER(TRIM($L44))="Y","아침",""),IF(UPPER(TRIM($M44))="Y","점심",""),IF(UPPER(TRIM($N44))="Y","저녁",""))) -> 점심, 저녁 | Q44: =IF($C44="","","{ 카테고리: """&$B44&""", 음식: """&$C44&""", 음식구분: """&$D44&""", 제철: """&$E44&""", 재료: """&$F44&""", 식사구분: ["&_xlfn.TEXTJOIN(", ",TRUE,IF(UPPER(TRIM($L44))="Y",CHAR(34)&"아침"&CHAR(34),""),IF(UPPER(TRIM($M44))="Y",CHAR(34)&"점심"&CHAR(34),""),IF(UPPER(TRIM($N44))="Y",CHAR(34)&"저녁"&CHAR(34),""))&"], 영양분류: """&$G44&""", 주재료분류: """&$H44&""", 조리방식: """&$I44&""", 조리시간: """&$J44&""", 알레르기: """&$K44&""" },") -> { 카테고리: "분식", 음식: "떡볶이", 음식구분: "메인반찬", 제철: "사계절", 재료: "떡, 어묵, 대파, 계란", 식사구분: ["점심", "저녁"], 영양분류: "탄수화물", 주재료분류: "떡", 조리방식: "볶음", 조리시간: "25분", 알레르기: "계란, 생선" },
B45: 분식 | C45: 김밥 | D45: 메인반찬 | E45: 사계절 | F45: 밥, 김, 단무지, 계란, 시금치, 햄 | G45: 간편 균형식 | H45: 밥 | I45: 간단식 | J45: 30분 | K45: 계란 | L45: Y | M45: Y | P45: =IF($C45="","",_xlfn.TEXTJOIN(", ",TRUE,IF(UPPER(TRIM($L45))="Y","아침",""),IF(UPPER(TRIM($M45))="Y","점심",""),IF(UPPER(TRIM($N45))="Y","저녁",""))) -> 아침, 점심 | Q45: =IF($C45="","","{ 카테고리: """&$B45&""", 음식: """&$C45&""", 음식구분: """&$D45&""", 제철: """&$E45&""", 재료: """&$F45&""", 식사구분: ["&_xlfn.TEXTJOIN(", ",TRUE,IF(UPPER(TRIM($L45))="Y",CHAR(34)&"아침"&CHAR(34),""),IF(UPPER(TRIM($M45))="Y",CHAR(34)&"점심"&CHAR(34),""),IF(UPPER(TRIM($N45))="Y",CHAR(34)&"저녁"&CHAR(34),""))&"], 영양분류: """&$G45&""", 주재료분류: """&$H45&""", 조리방식: """&$I45&""", 조리시간: """&$J45&""", 알레르기: """&$K45&""" },") -> { 카테고리: "분식", 음식: "김밥", 음식구분: "메인반찬", 제철: "사계절", 재료: "밥, 김, 단무지, 계란, 시금치, 햄", 식사구분: ["아침", "점심"], 영양분류: "간편 균형식", 주재료분류: "밥", 조리방식: "간단식", 조리시간: "30분", 알레르기: "계란" },
B46: 분식 | C46: 모둠튀김 | D46: 메인반찬 | E46: 사계절 | F46: 오징어, 고구마, 새우 | G46: 튀김 | H46: 해산물 | I46: 튀김 | J46: 30분 | K46: 새우, 오징어, 밀 | M46: Y | N46: Y | P46: =IF($C46="","",_xlfn.TEXTJOIN(", ",TRUE,IF(UPPER(TRIM($L46))="Y","아침",""),IF(UPPER(TRIM($M46))="Y","점심",""),IF(UPPER(TRIM($N46))="Y","저녁",""))) -> 점심, 저녁 | Q46: =IF($C46="","","{ 카테고리: """&$B46&""", 음식: """&$C46&""", 음식구분: """&$D46&""", 제철: """&$E46&""", 재료: """&$F46&""", 식사구분: ["&_xlfn.TEXTJOIN(", ",TRUE,IF(UPPER(TRIM($L46))="Y",CHAR(34)&"아침"&CHAR(34),""),IF(UPPER(TRIM($M46))="Y",CHAR(34)&"점심"&CHAR(34),""),IF(UPPER(TRIM($N46))="Y",CHAR(34)&"저녁"&CHAR(34),""))&"], 영양분류: """&$G46&""", 주재료분류: """&$H46&""", 조리방식: """&$I46&""", 조리시간: """&$J46&""", 알레르기: """&$K46&""" },") -> { 카테고리: "분식", 음식: "모둠튀김", 음식구분: "메인반찬", 제철: "사계절", 재료: "오징어, 고구마, 새우", 식사구분: ["점심", "저녁"], 영양분류: "튀김", 주재료분류: "해산물", 조리방식: "튀김", 조리시간: "30분", 알레르기: "새우, 오징어, 밀" },
B47: 분식 | C47: 순대 | D47: 메인반찬 | E47: 사계절 | F47: 돼지 창자, 당면, 돼지 간 | G47: 탄수화물+단백질 | H47: 육류 | I47: 찜 | J47: 20분 | K47: 없음 | M47: Y | N47: Y | P47: =IF($C47="","",_xlfn.TEXTJOIN(", ",TRUE,IF(UPPER(TRIM($L47))="Y","아침",""),IF(UPPER(TRIM($M47))="Y","점심",""),IF(UPPER(TRIM($N47))="Y","저녁",""))) -> 점심, 저녁 | Q47: =IF($C47="","","{ 카테고리: """&$B47&""", 음식: """&$C47&""", 음식구분: """&$D47&""", 제철: """&$E47&""", 재료: """&$F47&""", 식사구분: ["&_xlfn.TEXTJOIN(", ",TRUE,IF(UPPER(TRIM($L47))="Y",CHAR(34)&"아침"&CHAR(34),""),IF(UPPER(TRIM($M47))="Y",CHAR(34)&"점심"&CHAR(34),""),IF(UPPER(TRIM($N47))="Y",CHAR(34)&"저녁"&CHAR(34),""))&"], 영양분류: """&$G47&""", 주재료분류: """&$H47&""", 조리방식: """&$I47&""", 조리시간: """&$J47&""", 알레르기: """&$K47&""" },") -> { 카테고리: "분식", 음식: "순대", 음식구분: "메인반찬", 제철: "사계절", 재료: "돼지 창자, 당면, 돼지 간", 식사구분: ["점심", "저녁"], 영양분류: "탄수화물+단백질", 주재료분류: "육류", 조리방식: "찜", 조리시간: "20분", 알레르기: "없음" },
B48: 분식 | C48: 쫄면 | D48: 면 | E48: 여름 | F48: 쫄면 면, 콩나물, 오이, 계란 | G48: 탄수화물+채소 | H48: 면 | I48: 비빔 | J48: 20분 | K48: 밀, 계란 | M48: Y | N48: Y | P48: =IF($C48="","",_xlfn.TEXTJOIN(", ",TRUE,IF(UPPER(TRIM($L48))="Y","아침",""),IF(UPPER(TRIM($M48))="Y","점심",""),IF(UPPER(TRIM($N48))="Y","저녁",""))) -> 점심, 저녁 | Q48: =IF($C48="","","{ 카테고리: """&$B48&""", 음식: """&$C48&""", 음식구분: """&$D48&""", 제철: """&$E48&""", 재료: """&$F48&""", 식사구분: ["&_xlfn.TEXTJOIN(", ",TRUE,IF(UPPER(TRIM($L48))="Y",CHAR(34)&"아침"&CHAR(34),""),IF(UPPER(TRIM($M48))="Y",CHAR(34)&"점심"&CHAR(34),""),IF(UPPER(TRIM($N48))="Y",CHAR(34)&"저녁"&CHAR(34),""))&"], 영양분류: """&$G48&""", 주재료분류: """&$H48&""", 조리방식: """&$I48&""", 조리시간: """&$J48&""", 알레르기: """&$K48&""" },") -> { 카테고리: "분식", 음식: "쫄면", 음식구분: "면", 제철: "여름", 재료: "쫄면 면, 콩나물, 오이, 계란", 식사구분: ["점심", "저녁"], 영양분류: "탄수화물+채소", 주재료분류: "면", 조리방식: "비빔", 조리시간: "20분", 알레르기: "밀, 계란" },
B49: 아시안 | C49: 쌀국수 | D49: 면 | E49: 사계절 | F49: 쌀국수 면, 소고기, 양파, 숙주 | G49: 국물+단백질 | H49: 면 | I49: 국물 | J49: 30분 | K49: 없음 | M49: Y | N49: Y | P49: =IF($C49="","",_xlfn.TEXTJOIN(", ",TRUE,IF(UPPER(TRIM($L49))="Y","아침",""),IF(UPPER(TRIM($M49))="Y","점심",""),IF(UPPER(TRIM($N49))="Y","저녁",""))) -> 점심, 저녁 | Q49: =IF($C49="","","{ 카테고리: """&$B49&""", 음식: """&$C49&""", 음식구분: """&$D49&""", 제철: """&$E49&""", 재료: """&$F49&""", 식사구분: ["&_xlfn.TEXTJOIN(", ",TRUE,IF(UPPER(TRIM($L49))="Y",CHAR(34)&"아침"&CHAR(34),""),IF(UPPER(TRIM($M49))="Y",CHAR(34)&"점심"&CHAR(34),""),IF(UPPER(TRIM($N49))="Y",CHAR(34)&"저녁"&CHAR(34),""))&"], 영양분류: """&$G49&""", 주재료분류: """&$H49&""", 조리방식: """&$I49&""", 조리시간: """&$J49&""", 알레르기: """&$K49&""" },") -> { 카테고리: "아시안", 음식: "쌀국수", 음식구분: "면", 제철: "사계절", 재료: "쌀국수 면, 소고기, 양파, 숙주", 식사구분: ["점심", "저녁"], 영양분류: "국물+단백질", 주재료분류: "면", 조리방식: "국물", 조리시간: "30분", 알레르기: "없음" },
B50: 아시안 | C50: 팟타이 | D50: 면 | E50: 사계절 | F50: 쌀국수 면, 새우, 숙주, 땅콩, 계란 | G50: 탄수화물+단백질 | H50: 면 | I50: 볶음 | J50: 30분 | K50: 새우, 땅콩, 계란 | M50: Y | N50: Y | P50: =IF($C50="","",_xlfn.TEXTJOIN(", ",TRUE,IF(UPPER(TRIM($L50))="Y","아침",""),IF(UPPER(TRIM($M50))="Y","점심",""),IF(UPPER(TRIM($N50))="Y","저녁",""))) -> 점심, 저녁 | Q50: =IF($C50="","","{ 카테고리: """&$B50&""", 음식: """&$C50&""", 음식구분: """&$D50&""", 제철: """&$E50&""", 재료: """&$F50&""", 식사구분: ["&_xlfn.TEXTJOIN(", ",TRUE,IF(UPPER(TRIM($L50))="Y",CHAR(34)&"아침"&CHAR(34),""),IF(UPPER(TRIM($M50))="Y",CHAR(34)&"점심"&CHAR(34),""),IF(UPPER(TRIM($N50))="Y",CHAR(34)&"저녁"&CHAR(34),""))&"], 영양분류: """&$G50&""", 주재료분류: """&$H50&""", 조리방식: """&$I50&""", 조리시간: """&$J50&""", 알레르기: """&$K50&""" },") -> { 카테고리: "아시안", 음식: "팟타이", 음식구분: "면", 제철: "사계절", 재료: "쌀국수 면, 새우, 숙주, 땅콩, 계란", 식사구분: ["점심", "저녁"], 영양분류: "탄수화물+단백질", 주재료분류: "면", 조리방식: "볶음", 조리시간: "30분", 알레르기: "새우, 땅콩, 계란" },
B51: 아시안 | C51: 카레라이스 | D51: 메인반찬 | E51: 사계절 | F51: 감자, 당근, 돼지고기, 양파, 밥 | G51: 탄수화물+단백질 | H51: 밥 | I51: 덮밥 | J51: 30분 | K51: 밀 | M51: Y | N51: Y | P51: =IF($C51="","",_xlfn.TEXTJOIN(", ",TRUE,IF(UPPER(TRIM($L51))="Y","아침",""),IF(UPPER(TRIM($M51))="Y","점심",""),IF(UPPER(TRIM($N51))="Y","저녁",""))) -> 점심, 저녁 | Q51: =IF($C51="","","{ 카테고리: """&$B51&""", 음식: """&$C51&""", 음식구분: """&$D51&""", 제철: """&$E51&""", 재료: """&$F51&""", 식사구분: ["&_xlfn.TEXTJOIN(", ",TRUE,IF(UPPER(TRIM($L51))="Y",CHAR(34)&"아침"&CHAR(34),""),IF(UPPER(TRIM($M51))="Y",CHAR(34)&"점심"&CHAR(34),""),IF(UPPER(TRIM($N51))="Y",CHAR(34)&"저녁"&CHAR(34),""))&"], 영양분류: """&$G51&""", 주재료분류: """&$H51&""", 조리방식: """&$I51&""", 조리시간: """&$J51&""", 알레르기: """&$K51&""" },") -> { 카테고리: "아시안", 음식: "카레라이스", 음식구분: "메인반찬", 제철: "사계절", 재료: "감자, 당근, 돼지고기, 양파, 밥", 식사구분: ["점심", "저녁"], 영양분류: "탄수화물+단백질", 주재료분류: "밥", 조리방식: "덮밥", 조리시간: "30분", 알레르기: "밀" },
B52: 아시안 | C52: 나시고렝 | D52: 메인반찬 | E52: 사계절 | F52: 밥, 계란, 새우, 양파, 숙주 | G52: 탄수화물+단백질 | H52: 밥 | I52: 볶음 | J52: 25분 | K52: 계란, 새우 | M52: Y | N52: Y | P52: =IF($C52="","",_xlfn.TEXTJOIN(", ",TRUE,IF(UPPER(TRIM($L52))="Y","아침",""),IF(UPPER(TRIM($M52))="Y","점심",""),IF(UPPER(TRIM($N52))="Y","저녁",""))) -> 점심, 저녁 | Q52: =IF($C52="","","{ 카테고리: """&$B52&""", 음식: """&$C52&""", 음식구분: """&$D52&""", 제철: """&$E52&""", 재료: """&$F52&""", 식사구분: ["&_xlfn.TEXTJOIN(", ",TRUE,IF(UPPER(TRIM($L52))="Y",CHAR(34)&"아침"&CHAR(34),""),IF(UPPER(TRIM($M52))="Y",CHAR(34)&"점심"&CHAR(34),""),IF(UPPER(TRIM($N52))="Y",CHAR(34)&"저녁"&CHAR(34),""))&"], 영양분류: """&$G52&""", 주재료분류: """&$H52&""", 조리방식: """&$I52&""", 조리시간: """&$J52&""", 알레르기: """&$K52&""" },") -> { 카테고리: "아시안", 음식: "나시고렝", 음식구분: "메인반찬", 제철: "사계절", 재료: "밥, 계란, 새우, 양파, 숙주", 식사구분: ["점심", "저녁"], 영양분류: "탄수화물+단백질", 주재료분류: "밥", 조리방식: "볶음", 조리시간: "25분", 알레르기: "계란, 새우" },
B53: 아시안 | C53: 월남쌈 | D53: 메인반찬 | E53: 여름 | F53: 라이스페이퍼, 새우, 닭가슴살, 파프리카, 오이 | G53: 저열량+고단백 | H53: 채소 | I53: 생식 | J53: 25분 | K53: 새우 | M53: Y | N53: Y | P53: =IF($C53="","",_xlfn.TEXTJOIN(", ",TRUE,IF(UPPER(TRIM($L53))="Y","아침",""),IF(UPPER(TRIM($M53))="Y","점심",""),IF(UPPER(TRIM($N53))="Y","저녁",""))) -> 점심, 저녁 | Q53: =IF($C53="","","{ 카테고리: """&$B53&""", 음식: """&$C53&""", 음식구분: """&$D53&""", 제철: """&$E53&""", 재료: """&$F53&""", 식사구분: ["&_xlfn.TEXTJOIN(", ",TRUE,IF(UPPER(TRIM($L53))="Y",CHAR(34)&"아침"&CHAR(34),""),IF(UPPER(TRIM($M53))="Y",CHAR(34)&"점심"&CHAR(34),""),IF(UPPER(TRIM($N53))="Y",CHAR(34)&"저녁"&CHAR(34),""))&"], 영양분류: """&$G53&""", 주재료분류: """&$H53&""", 조리방식: """&$I53&""", 조리시간: """&$J53&""", 알레르기: """&$K53&""" },") -> { 카테고리: "아시안", 음식: "월남쌈", 음식구분: "메인반찬", 제철: "여름", 재료: "라이스페이퍼, 새우, 닭가슴살, 파프리카, 오이", 식사구분: ["점심", "저녁"], 영양분류: "저열량+고단백", 주재료분류: "채소", 조리방식: "생식", 조리시간: "25분", 알레르기: "새우" },
B54: 한식 | C54: 소불고기 | D54: 메인반찬 | E54: 사계절 | F54: 소고기, 양파, 대파, 당근, 간장 | G54: 고단백 | H54: 육류 | I54: 볶음 | J54: 30분 | K54: 대두 | M54: Y | N54: Y | P54: =IF($C54="","",_xlfn.TEXTJOIN(", ",TRUE,IF(UPPER(TRIM($L54))="Y","아침",""),IF(UPPER(TRIM($M54))="Y","점심",""),IF(UPPER(TRIM($N54))="Y","저녁",""))) -> 점심, 저녁 | Q54: =IF($C54="","","{ 카테고리: """&$B54&""", 음식: """&$C54&""", 음식구분: """&$D54&""", 제철: """&$E54&""", 재료: """&$F54&""", 식사구분: ["&_xlfn.TEXTJOIN(", ",TRUE,IF(UPPER(TRIM($L54))="Y",CHAR(34)&"아침"&CHAR(34),""),IF(UPPER(TRIM($M54))="Y",CHAR(34)&"점심"&CHAR(34),""),IF(UPPER(TRIM($N54))="Y",CHAR(34)&"저녁"&CHAR(34),""))&"], 영양분류: """&$G54&""", 주재료분류: """&$H54&""", 조리방식: """&$I54&""", 조리시간: """&$J54&""", 알레르기: """&$K54&""" },") -> { 카테고리: "한식", 음식: "소불고기", 음식구분: "메인반찬", 제철: "사계절", 재료: "소고기, 양파, 대파, 당근, 간장", 식사구분: ["점심", "저녁"], 영양분류: "고단백", 주재료분류: "육류", 조리방식: "볶음", 조리시간: "30분", 알레르기: "대두" },
B55: 한식 | C55: 닭볶음탕 | D55: 메인반찬 | E55: 사계절 | F55: 닭고기, 감자, 당근, 양파, 대파 | G55: 고단백 | H55: 육류 | I55: 조림 | J55: 45분 | K55: 없음 | M55: Y | N55: Y | P55: =IF($C55="","",_xlfn.TEXTJOIN(", ",TRUE,IF(UPPER(TRIM($L55))="Y","아침",""),IF(UPPER(TRIM($M55))="Y","점심",""),IF(UPPER(TRIM($N55))="Y","저녁",""))) -> 점심, 저녁 | Q55: =IF($C55="","","{ 카테고리: """&$B55&""", 음식: """&$C55&""", 음식구분: """&$D55&""", 제철: """&$E55&""", 재료: """&$F55&""", 식사구분: ["&_xlfn.TEXTJOIN(", ",TRUE,IF(UPPER(TRIM($L55))="Y",CHAR(34)&"아침"&CHAR(34),""),IF(UPPER(TRIM($M55))="Y",CHAR(34)&"점심"&CHAR(34),""),IF(UPPER(TRIM($N55))="Y",CHAR(34)&"저녁"&CHAR(34),""))&"], 영양분류: """&$G55&""", 주재료분류: """&$H55&""", 조리방식: """&$I55&""", 조리시간: """&$J55&""", 알레르기: """&$K55&""" },") -> { 카테고리: "한식", 음식: "닭볶음탕", 음식구분: "메인반찬", 제철: "사계절", 재료: "닭고기, 감자, 당근, 양파, 대파", 식사구분: ["점심", "저녁"], 영양분류: "고단백", 주재료분류: "육류", 조리방식: "조림", 조리시간: "45분", 알레르기: "없음" },
B56: 한식 | C56: 갈치조림 | D56: 메인반찬 | E56: 7월~10월 | F56: 갈치, 무, 양파, 대파, 고춧가루 | G56: 고단백 | H56: 생선 | I56: 조림 | J56: 35분 | K56: 생선 | M56: Y | N56: Y | P56: =IF($C56="","",_xlfn.TEXTJOIN(", ",TRUE,IF(UPPER(TRIM($L56))="Y","아침",""),IF(UPPER(TRIM($M56))="Y","점심",""),IF(UPPER(TRIM($N56))="Y","저녁",""))) -> 점심, 저녁 | Q56: =IF($C56="","","{ 카테고리: """&$B56&""", 음식: """&$C56&""", 음식구분: """&$D56&""", 제철: """&$E56&""", 재료: """&$F56&""", 식사구분: ["&_xlfn.TEXTJOIN(", ",TRUE,IF(UPPER(TRIM($L56))="Y",CHAR(34)&"아침"&CHAR(34),""),IF(UPPER(TRIM($M56))="Y",CHAR(34)&"점심"&CHAR(34),""),IF(UPPER(TRIM($N56))="Y",CHAR(34)&"저녁"&CHAR(34),""))&"], 영양분류: """&$G56&""", 주재료분류: """&$H56&""", 조리방식: """&$I56&""", 조리시간: """&$J56&""", 알레르기: """&$K56&""" },") -> { 카테고리: "한식", 음식: "갈치조림", 음식구분: "메인반찬", 제철: "7월~10월", 재료: "갈치, 무, 양파, 대파, 고춧가루", 식사구분: ["점심", "저녁"], 영양분류: "고단백", 주재료분류: "생선", 조리방식: "조림", 조리시간: "35분", 알레르기: "생선" },
B57: 한식 | C57: 두부조림 | D57: 메인반찬 | E57: 사계절 | F57: 두부, 대파, 양파, 간장, 고춧가루 | G57: 식물성 단백질 | H57: 두부 | I57: 조림 | J57: 20분 | K57: 대두 | M57: Y | N57: Y | P57: =IF($C57="","",_xlfn.TEXTJOIN(", ",TRUE,IF(UPPER(TRIM($L57))="Y","아침",""),IF(UPPER(TRIM($M57))="Y","점심",""),IF(UPPER(TRIM($N57))="Y","저녁",""))) -> 점심, 저녁 | Q57: =IF($C57="","","{ 카테고리: """&$B57&""", 음식: """&$C57&""", 음식구분: """&$D57&""", 제철: """&$E57&""", 재료: """&$F57&""", 식사구분: ["&_xlfn.TEXTJOIN(", ",TRUE,IF(UPPER(TRIM($L57))="Y",CHAR(34)&"아침"&CHAR(34),""),IF(UPPER(TRIM($M57))="Y",CHAR(34)&"점심"&CHAR(34),""),IF(UPPER(TRIM($N57))="Y",CHAR(34)&"저녁"&CHAR(34),""))&"], 영양분류: """&$G57&""", 주재료분류: """&$H57&""", 조리방식: """&$I57&""", 조리시간: """&$J57&""", 알레르기: """&$K57&""" },") -> { 카테고리: "한식", 음식: "두부조림", 음식구분: "메인반찬", 제철: "사계절", 재료: "두부, 대파, 양파, 간장, 고춧가루", 식사구분: ["점심", "저녁"], 영양분류: "식물성 단백질", 주재료분류: "두부", 조리방식: "조림", 조리시간: "20분", 알레르기: "대두" },
B58: 한식 | C58: 계란말이 | D58: 메인반찬 | E58: 사계절 | F58: 계란, 대파, 당근, 소금 | G58: 단백질 | H58: 계란 | I58: 부침 | J58: 15분 | K58: 계란 | L58: Y | M58: Y | N58: Y | P58: =IF($C58="","",_xlfn.TEXTJOIN(", ",TRUE,IF(UPPER(TRIM($L58))="Y","아침",""),IF(UPPER(TRIM($M58))="Y","점심",""),IF(UPPER(TRIM($N58))="Y","저녁",""))) -> 아침, 점심, 저녁 | Q58: =IF($C58="","","{ 카테고리: """&$B58&""", 음식: """&$C58&""", 음식구분: """&$D58&""", 제철: """&$E58&""", 재료: """&$F58&""", 식사구분: ["&_xlfn.TEXTJOIN(", ",TRUE,IF(UPPER(TRIM($L58))="Y",CHAR(34)&"아침"&CHAR(34),""),IF(UPPER(TRIM($M58))="Y",CHAR(34)&"점심"&CHAR(34),""),IF(UPPER(TRIM($N58))="Y",CHAR(34)&"저녁"&CHAR(34),""))&"], 영양분류: """&$G58&""", 주재료분류: """&$H58&""", 조리방식: """&$I58&""", 조리시간: """&$J58&""", 알레르기: """&$K58&""" },") -> { 카테고리: "한식", 음식: "계란말이", 음식구분: "메인반찬", 제철: "사계절", 재료: "계란, 대파, 당근, 소금", 식사구분: ["아침", "점심", "저녁"], 영양분류: "단백질", 주재료분류: "계란", 조리방식: "부침", 조리시간: "15분", 알레르기: "계란" },
B59: 한식 | C59: 오징어볶음 | D59: 메인반찬 | E59: 7월~11월 | F59: 오징어, 양파, 대파, 양배추, 고추장 | G59: 고단백 | H59: 해산물 | I59: 볶음 | J59: 25분 | K59: 오징어 | M59: Y | N59: Y | P59: =IF($C59="","",_xlfn.TEXTJOIN(", ",TRUE,IF(UPPER(TRIM($L59))="Y","아침",""),IF(UPPER(TRIM($M59))="Y","점심",""),IF(UPPER(TRIM($N59))="Y","저녁",""))) -> 점심, 저녁 | Q59: =IF($C59="","","{ 카테고리: """&$B59&""", 음식: """&$C59&""", 음식구분: """&$D59&""", 제철: """&$E59&""", 재료: """&$F59&""", 식사구분: ["&_xlfn.TEXTJOIN(", ",TRUE,IF(UPPER(TRIM($L59))="Y",CHAR(34)&"아침"&CHAR(34),""),IF(UPPER(TRIM($M59))="Y",CHAR(34)&"점심"&CHAR(34),""),IF(UPPER(TRIM($N59))="Y",CHAR(34)&"저녁"&CHAR(34),""))&"], 영양분류: """&$G59&""", 주재료분류: """&$H59&""", 조리방식: """&$I59&""", 조리시간: """&$J59&""", 알레르기: """&$K59&""" },") -> { 카테고리: "한식", 음식: "오징어볶음", 음식구분: "메인반찬", 제철: "7월~11월", 재료: "오징어, 양파, 대파, 양배추, 고추장", 식사구분: ["점심", "저녁"], 영양분류: "고단백", 주재료분류: "해산물", 조리방식: "볶음", 조리시간: "25분", 알레르기: "오징어" },
B60: 한식 | C60: 시금치나물 | D60: 밑반찬 | E60: 겨울 | F60: 시금치, 참기름, 마늘, 깨 | G60: 채소+비타민 | H60: 채소 | I60: 무침 | J60: 10분 | K60: 참깨 | L60: Y | M60: Y | N60: Y | P60: =IF($C60="","",_xlfn.TEXTJOIN(", ",TRUE,IF(UPPER(TRIM($L60))="Y","아침",""),IF(UPPER(TRIM($M60))="Y","점심",""),IF(UPPER(TRIM($N60))="Y","저녁",""))) -> 아침, 점심, 저녁 | Q60: =IF($C60="","","{ 카테고리: """&$B60&""", 음식: """&$C60&""", 음식구분: """&$D60&""", 제철: """&$E60&""", 재료: """&$F60&""", 식사구분: ["&_xlfn.TEXTJOIN(", ",TRUE,IF(UPPER(TRIM($L60))="Y",CHAR(34)&"아침"&CHAR(34),""),IF(UPPER(TRIM($M60))="Y",CHAR(34)&"점심"&CHAR(34),""),IF(UPPER(TRIM($N60))="Y",CHAR(34)&"저녁"&CHAR(34),""))&"], 영양분류: """&$G60&""", 주재료분류: """&$H60&""", 조리방식: """&$I60&""", 조리시간: """&$J60&""", 알레르기: """&$K60&""" },") -> { 카테고리: "한식", 음식: "시금치나물", 음식구분: "밑반찬", 제철: "겨울", 재료: "시금치, 참기름, 마늘, 깨", 식사구분: ["아침", "점심", "저녁"], 영양분류: "채소+비타민", 주재료분류: "채소", 조리방식: "무침", 조리시간: "10분", 알레르기: "참깨" },
B61: 한식 | C61: 콩나물무침 | D61: 밑반찬 | E61: 사계절 | F61: 콩나물, 대파, 마늘, 참기름 | G61: 식이섬유 | H61: 채소 | I61: 무침 | J61: 10분 | K61: 대두 | L61: Y | M61: Y | N61: Y | P61: =IF($C61="","",_xlfn.TEXTJOIN(", ",TRUE,IF(UPPER(TRIM($L61))="Y","아침",""),IF(UPPER(TRIM($M61))="Y","점심",""),IF(UPPER(TRIM($N61))="Y","저녁",""))) -> 아침, 점심, 저녁 | Q61: =IF($C61="","","{ 카테고리: """&$B61&""", 음식: """&$C61&""", 음식구분: """&$D61&""", 제철: """&$E61&""", 재료: """&$F61&""", 식사구분: ["&_xlfn.TEXTJOIN(", ",TRUE,IF(UPPER(TRIM($L61))="Y",CHAR(34)&"아침"&CHAR(34),""),IF(UPPER(TRIM($M61))="Y",CHAR(34)&"점심"&CHAR(34),""),IF(UPPER(TRIM($N61))="Y",CHAR(34)&"저녁"&CHAR(34),""))&"], 영양분류: """&$G61&""", 주재료분류: """&$H61&""", 조리방식: """&$I61&""", 조리시간: """&$J61&""", 알레르기: """&$K61&""" },") -> { 카테고리: "한식", 음식: "콩나물무침", 음식구분: "밑반찬", 제철: "사계절", 재료: "콩나물, 대파, 마늘, 참기름", 식사구분: ["아침", "점심", "저녁"], 영양분류: "식이섬유", 주재료분류: "채소", 조리방식: "무침", 조리시간: "10분", 알레르기: "대두" },
B62: 한식 | C62: 숙주나물무침 | D62: 밑반찬 | E62: 사계절 | F62: 숙주, 대파, 마늘, 참기름 | G62: 저열량+식이섬유 | H62: 채소 | I62: 무침 | J62: 10분 | K62: 대두 | L62: Y | M62: Y | N62: Y | P62: =IF($C62="","",_xlfn.TEXTJOIN(", ",TRUE,IF(UPPER(TRIM($L62))="Y","아침",""),IF(UPPER(TRIM($M62))="Y","점심",""),IF(UPPER(TRIM($N62))="Y","저녁",""))) -> 아침, 점심, 저녁 | Q62: =IF($C62="","","{ 카테고리: """&$B62&""", 음식: """&$C62&""", 음식구분: """&$D62&""", 제철: """&$E62&""", 재료: """&$F62&""", 식사구분: ["&_xlfn.TEXTJOIN(", ",TRUE,IF(UPPER(TRIM($L62))="Y",CHAR(34)&"아침"&CHAR(34),""),IF(UPPER(TRIM($M62))="Y",CHAR(34)&"점심"&CHAR(34),""),IF(UPPER(TRIM($N62))="Y",CHAR(34)&"저녁"&CHAR(34),""))&"], 영양분류: """&$G62&""", 주재료분류: """&$H62&""", 조리방식: """&$I62&""", 조리시간: """&$J62&""", 알레르기: """&$K62&""" },") -> { 카테고리: "한식", 음식: "숙주나물무침", 음식구분: "밑반찬", 제철: "사계절", 재료: "숙주, 대파, 마늘, 참기름", 식사구분: ["아침", "점심", "저녁"], 영양분류: "저열량+식이섬유", 주재료분류: "채소", 조리방식: "무침", 조리시간: "10분", 알레르기: "대두" },
B63: 한식 | C63: 고사리나물 | D63: 밑반찬 | E63: 봄 | F63: 고사리, 대파, 마늘, 들기름 | G63: 식이섬유 | H63: 채소 | I63: 볶음 | J63: 15분 | K63: 없음 | M63: Y | N63: Y | P63: =IF($C63="","",_xlfn.TEXTJOIN(", ",TRUE,IF(UPPER(TRIM($L63))="Y","아침",""),IF(UPPER(TRIM($M63))="Y","점심",""),IF(UPPER(TRIM($N63))="Y","저녁",""))) -> 점심, 저녁 | Q63: =IF($C63="","","{ 카테고리: """&$B63&""", 음식: """&$C63&""", 음식구분: """&$D63&""", 제철: """&$E63&""", 재료: """&$F63&""", 식사구분: ["&_xlfn.TEXTJOIN(", ",TRUE,IF(UPPER(TRIM($L63))="Y",CHAR(34)&"아침"&CHAR(34),""),IF(UPPER(TRIM($M63))="Y",CHAR(34)&"점심"&CHAR(34),""),IF(UPPER(TRIM($N63))="Y",CHAR(34)&"저녁"&CHAR(34),""))&"], 영양분류: """&$G63&""", 주재료분류: """&$H63&""", 조리방식: """&$I63&""", 조리시간: """&$J63&""", 알레르기: """&$K63&""" },") -> { 카테고리: "한식", 음식: "고사리나물", 음식구분: "밑반찬", 제철: "봄", 재료: "고사리, 대파, 마늘, 들기름", 식사구분: ["점심", "저녁"], 영양분류: "식이섬유", 주재료분류: "채소", 조리방식: "볶음", 조리시간: "15분", 알레르기: "없음" },
B64: 한식 | C64: 도라지오이무침 | D64: 밑반찬 | E64: 봄 | F64: 도라지, 오이, 고추장, 식초, 깨 | G64: 채소+식이섬유 | H64: 채소 | I64: 무침 | J64: 15분 | K64: 참깨 | M64: Y | N64: Y | P64: =IF($C64="","",_xlfn.TEXTJOIN(", ",TRUE,IF(UPPER(TRIM($L64))="Y","아침",""),IF(UPPER(TRIM($M64))="Y","점심",""),IF(UPPER(TRIM($N64))="Y","저녁",""))) -> 점심, 저녁 | Q64: =IF($C64="","","{ 카테고리: """&$B64&""", 음식: """&$C64&""", 음식구분: """&$D64&""", 제철: """&$E64&""", 재료: """&$F64&""", 식사구분: ["&_xlfn.TEXTJOIN(", ",TRUE,IF(UPPER(TRIM($L64))="Y",CHAR(34)&"아침"&CHAR(34),""),IF(UPPER(TRIM($M64))="Y",CHAR(34)&"점심"&CHAR(34),""),IF(UPPER(TRIM($N64))="Y",CHAR(34)&"저녁"&CHAR(34),""))&"], 영양분류: """&$G64&""", 주재료분류: """&$H64&""", 조리방식: """&$I64&""", 조리시간: """&$J64&""", 알레르기: """&$K64&""" },") -> { 카테고리: "한식", 음식: "도라지오이무침", 음식구분: "밑반찬", 제철: "봄", 재료: "도라지, 오이, 고추장, 식초, 깨", 식사구분: ["점심", "저녁"], 영양분류: "채소+식이섬유", 주재료분류: "채소", 조리방식: "무침", 조리시간: "15분", 알레르기: "참깨" },
B65: 한식 | C65: 가지나물 | D65: 밑반찬 | E65: 여름 | F65: 가지, 대파, 마늘, 간장, 참기름 | G65: 채소+식이섬유 | H65: 채소 | I65: 무침 | J65: 15분 | K65: 대두, 참깨 | M65: Y | N65: Y | P65: =IF($C65="","",_xlfn.TEXTJOIN(", ",TRUE,IF(UPPER(TRIM($L65))="Y","아침",""),IF(UPPER(TRIM($M65))="Y","점심",""),IF(UPPER(TRIM($N65))="Y","저녁",""))) -> 점심, 저녁 | Q65: =IF($C65="","","{ 카테고리: """&$B65&""", 음식: """&$C65&""", 음식구분: """&$D65&""", 제철: """&$E65&""", 재료: """&$F65&""", 식사구분: ["&_xlfn.TEXTJOIN(", ",TRUE,IF(UPPER(TRIM($L65))="Y",CHAR(34)&"아침"&CHAR(34),""),IF(UPPER(TRIM($M65))="Y",CHAR(34)&"점심"&CHAR(34),""),IF(UPPER(TRIM($N65))="Y",CHAR(34)&"저녁"&CHAR(34),""))&"], 영양분류: """&$G65&""", 주재료분류: """&$H65&""", 조리방식: """&$I65&""", 조리시간: """&$J65&""", 알레르기: """&$K65&""" },") -> { 카테고리: "한식", 음식: "가지나물", 음식구분: "밑반찬", 제철: "여름", 재료: "가지, 대파, 마늘, 간장, 참기름", 식사구분: ["점심", "저녁"], 영양분류: "채소+식이섬유", 주재료분류: "채소", 조리방식: "무침", 조리시간: "15분", 알레르기: "대두, 참깨" },
B66: 한식 | C66: 미역줄기볶음 | D66: 밑반찬 | E66: 사계절 | F66: 미역줄기, 양파, 당근, 마늘 | G66: 해조류+식이섬유 | H66: 해조류 | I66: 볶음 | J66: 15분 | K66: 없음 | M66: Y | N66: Y | P66: =IF($C66="","",_xlfn.TEXTJOIN(", ",TRUE,IF(UPPER(TRIM($L66))="Y","아침",""),IF(UPPER(TRIM($M66))="Y","점심",""),IF(UPPER(TRIM($N66))="Y","저녁",""))) -> 점심, 저녁 | Q66: =IF($C66="","","{ 카테고리: """&$B66&""", 음식: """&$C66&""", 음식구분: """&$D66&""", 제철: """&$E66&""", 재료: """&$F66&""", 식사구분: ["&_xlfn.TEXTJOIN(", ",TRUE,IF(UPPER(TRIM($L66))="Y",CHAR(34)&"아침"&CHAR(34),""),IF(UPPER(TRIM($M66))="Y",CHAR(34)&"점심"&CHAR(34),""),IF(UPPER(TRIM($N66))="Y",CHAR(34)&"저녁"&CHAR(34),""))&"], 영양분류: """&$G66&""", 주재료분류: """&$H66&""", 조리방식: """&$I66&""", 조리시간: """&$J66&""", 알레르기: """&$K66&""" },") -> { 카테고리: "한식", 음식: "미역줄기볶음", 음식구분: "밑반찬", 제철: "사계절", 재료: "미역줄기, 양파, 당근, 마늘", 식사구분: ["점심", "저녁"], 영양분류: "해조류+식이섬유", 주재료분류: "해조류", 조리방식: "볶음", 조리시간: "15분", 알레르기: "없음" },
B67: 한식 | C67: 취나물무침 | D67: 밑반찬 | E67: 봄 | F67: 취나물, 된장, 마늘, 참기름 | G67: 제철 채소 | H67: 채소 | I67: 무침 | J67: 15분 | K67: 대두, 참깨 | M67: Y | N67: Y | P67: =IF($C67="","",_xlfn.TEXTJOIN(", ",TRUE,IF(UPPER(TRIM($L67))="Y","아침",""),IF(UPPER(TRIM($M67))="Y","점심",""),IF(UPPER(TRIM($N67))="Y","저녁",""))) -> 점심, 저녁 | Q67: =IF($C67="","","{ 카테고리: """&$B67&""", 음식: """&$C67&""", 음식구분: """&$D67&""", 제철: """&$E67&""", 재료: """&$F67&""", 식사구분: ["&_xlfn.TEXTJOIN(", ",TRUE,IF(UPPER(TRIM($L67))="Y",CHAR(34)&"아침"&CHAR(34),""),IF(UPPER(TRIM($M67))="Y",CHAR(34)&"점심"&CHAR(34),""),IF(UPPER(TRIM($N67))="Y",CHAR(34)&"저녁"&CHAR(34),""))&"], 영양분류: """&$G67&""", 주재료분류: """&$H67&""", 조리방식: """&$I67&""", 조리시간: """&$J67&""", 알레르기: """&$K67&""" },") -> { 카테고리: "한식", 음식: "취나물무침", 음식구분: "밑반찬", 제철: "봄", 재료: "취나물, 된장, 마늘, 참기름", 식사구분: ["점심", "저녁"], 영양분류: "제철 채소", 주재료분류: "채소", 조리방식: "무침", 조리시간: "15분", 알레르기: "대두, 참깨" },
B68: 한식 | C68: 열무된장무침 | D68: 밑반찬 | E68: 여름 | F68: 열무, 된장, 마늘, 참기름 | G68: 제철 채소 | H68: 채소 | I68: 무침 | J68: 15분 | K68: 대두, 참깨 | M68: Y | N68: Y | P68: =IF($C68="","",_xlfn.TEXTJOIN(", ",TRUE,IF(UPPER(TRIM($L68))="Y","아침",""),IF(UPPER(TRIM($M68))="Y","점심",""),IF(UPPER(TRIM($N68))="Y","저녁",""))) -> 점심, 저녁 | Q68: =IF($C68="","","{ 카테고리: """&$B68&""", 음식: """&$C68&""", 음식구분: """&$D68&""", 제철: """&$E68&""", 재료: """&$F68&""", 식사구분: ["&_xlfn.TEXTJOIN(", ",TRUE,IF(UPPER(TRIM($L68))="Y",CHAR(34)&"아침"&CHAR(34),""),IF(UPPER(TRIM($M68))="Y",CHAR(34)&"점심"&CHAR(34),""),IF(UPPER(TRIM($N68))="Y",CHAR(34)&"저녁"&CHAR(34),""))&"], 영양분류: """&$G68&""", 주재료분류: """&$H68&""", 조리방식: """&$I68&""", 조리시간: """&$J68&""", 알레르기: """&$K68&""" },") -> { 카테고리: "한식", 음식: "열무된장무침", 음식구분: "밑반찬", 제철: "여름", 재료: "열무, 된장, 마늘, 참기름", 식사구분: ["점심", "저녁"], 영양분류: "제철 채소", 주재료분류: "채소", 조리방식: "무침", 조리시간: "15분", 알레르기: "대두, 참깨" },
B69: 한식 | C69: 무생채 | D69: 밑반찬 | E69: 가을 | F69: 무, 고춧가루, 식초, 설탕, 대파 | G69: 채소+비타민 | H69: 채소 | I69: 무침 | J69: 10분 | K69: 없음 | L69: Y | M69: Y | N69: Y | P69: =IF($C69="","",_xlfn.TEXTJOIN(", ",TRUE,IF(UPPER(TRIM($L69))="Y","아침",""),IF(UPPER(TRIM($M69))="Y","점심",""),IF(UPPER(TRIM($N69))="Y","저녁",""))) -> 아침, 점심, 저녁 | Q69: =IF($C69="","","{ 카테고리: """&$B69&""", 음식: """&$C69&""", 음식구분: """&$D69&""", 제철: """&$E69&""", 재료: """&$F69&""", 식사구분: ["&_xlfn.TEXTJOIN(", ",TRUE,IF(UPPER(TRIM($L69))="Y",CHAR(34)&"아침"&CHAR(34),""),IF(UPPER(TRIM($M69))="Y",CHAR(34)&"점심"&CHAR(34),""),IF(UPPER(TRIM($N69))="Y",CHAR(34)&"저녁"&CHAR(34),""))&"], 영양분류: """&$G69&""", 주재료분류: """&$H69&""", 조리방식: """&$I69&""", 조리시간: """&$J69&""", 알레르기: """&$K69&""" },") -> { 카테고리: "한식", 음식: "무생채", 음식구분: "밑반찬", 제철: "가을", 재료: "무, 고춧가루, 식초, 설탕, 대파", 식사구분: ["아침", "점심", "저녁"], 영양분류: "채소+비타민", 주재료분류: "채소", 조리방식: "무침", 조리시간: "10분", 알레르기: "없음" },
B70: 한식 | C70: 애호박볶음 | D70: 밑반찬 | E70: 여름 | F70: 애호박, 양파, 새우젓, 마늘 | G70: 채소+식이섬유 | H70: 채소 | I70: 볶음 | J70: 15분 | K70: 새우 | M70: Y | N70: Y | P70: =IF($C70="","",_xlfn.TEXTJOIN(", ",TRUE,IF(UPPER(TRIM($L70))="Y","아침",""),IF(UPPER(TRIM($M70))="Y","점심",""),IF(UPPER(TRIM($N70))="Y","저녁",""))) -> 점심, 저녁 | Q70: =IF($C70="","","{ 카테고리: """&$B70&""", 음식: """&$C70&""", 음식구분: """&$D70&""", 제철: """&$E70&""", 재료: """&$F70&""", 식사구분: ["&_xlfn.TEXTJOIN(", ",TRUE,IF(UPPER(TRIM($L70))="Y",CHAR(34)&"아침"&CHAR(34),""),IF(UPPER(TRIM($M70))="Y",CHAR(34)&"점심"&CHAR(34),""),IF(UPPER(TRIM($N70))="Y",CHAR(34)&"저녁"&CHAR(34),""))&"], 영양분류: """&$G70&""", 주재료분류: """&$H70&""", 조리방식: """&$I70&""", 조리시간: """&$J70&""", 알레르기: """&$K70&""" },") -> { 카테고리: "한식", 음식: "애호박볶음", 음식구분: "밑반찬", 제철: "여름", 재료: "애호박, 양파, 새우젓, 마늘", 식사구분: ["점심", "저녁"], 영양분류: "채소+식이섬유", 주재료분류: "채소", 조리방식: "볶음", 조리시간: "15분", 알레르기: "새우" },
B71: 한식 | C71: 소고기무국 | D71: 국/탕 | E71: 사계절 | F71: 소고기, 무, 대파, 마늘 | G71: 단백질+국물 | H71: 육류 | I71: 국물 | J71: 35분 | K71: 없음 | L71: Y | M71: Y | N71: Y | P71: =IF($C71="","",_xlfn.TEXTJOIN(", ",TRUE,IF(UPPER(TRIM($L71))="Y","아침",""),IF(UPPER(TRIM($M71))="Y","점심",""),IF(UPPER(TRIM($N71))="Y","저녁",""))) -> 아침, 점심, 저녁 | Q71: =IF($C71="","","{ 카테고리: """&$B71&""", 음식: """&$C71&""", 음식구분: """&$D71&""", 제철: """&$E71&""", 재료: """&$F71&""", 식사구분: ["&_xlfn.TEXTJOIN(", ",TRUE,IF(UPPER(TRIM($L71))="Y",CHAR(34)&"아침"&CHAR(34),""),IF(UPPER(TRIM($M71))="Y",CHAR(34)&"점심"&CHAR(34),""),IF(UPPER(TRIM($N71))="Y",CHAR(34)&"저녁"&CHAR(34),""))&"], 영양분류: """&$G71&""", 주재료분류: """&$H71&""", 조리방식: """&$I71&""", 조리시간: """&$J71&""", 알레르기: """&$K71&""" },") -> { 카테고리: "한식", 음식: "소고기무국", 음식구분: "국/탕", 제철: "사계절", 재료: "소고기, 무, 대파, 마늘", 식사구분: ["아침", "점심", "저녁"], 영양분류: "단백질+국물", 주재료분류: "육류", 조리방식: "국물", 조리시간: "35분", 알레르기: "없음" },
B72: 한식 | C72: 미역국 | D72: 국/탕 | E72: 사계절 | F72: 미역, 소고기, 마늘, 국간장 | G72: 해조류+국물 | H72: 해조류 | I72: 국물 | J72: 25분 | K72: 대두 | L72: Y | M72: Y | N72: Y | P72: =IF($C72="","",_xlfn.TEXTJOIN(", ",TRUE,IF(UPPER(TRIM($L72))="Y","아침",""),IF(UPPER(TRIM($M72))="Y","점심",""),IF(UPPER(TRIM($N72))="Y","저녁",""))) -> 아침, 점심, 저녁 | Q72: =IF($C72="","","{ 카테고리: """&$B72&""", 음식: """&$C72&""", 음식구분: """&$D72&""", 제철: """&$E72&""", 재료: """&$F72&""", 식사구분: ["&_xlfn.TEXTJOIN(", ",TRUE,IF(UPPER(TRIM($L72))="Y",CHAR(34)&"아침"&CHAR(34),""),IF(UPPER(TRIM($M72))="Y",CHAR(34)&"점심"&CHAR(34),""),IF(UPPER(TRIM($N72))="Y",CHAR(34)&"저녁"&CHAR(34),""))&"], 영양분류: """&$G72&""", 주재료분류: """&$H72&""", 조리방식: """&$I72&""", 조리시간: """&$J72&""", 알레르기: """&$K72&""" },") -> { 카테고리: "한식", 음식: "미역국", 음식구분: "국/탕", 제철: "사계절", 재료: "미역, 소고기, 마늘, 국간장", 식사구분: ["아침", "점심", "저녁"], 영양분류: "해조류+국물", 주재료분류: "해조류", 조리방식: "국물", 조리시간: "25분", 알레르기: "대두" },
B73: 한식 | C73: 콩나물국 | D73: 국/탕 | E73: 사계절 | F73: 콩나물, 대파, 마늘, 멸치육수 | G73: 가벼운 국물 | H73: 채소 | I73: 국물 | J73: 15분 | K73: 대두, 생선 | L73: Y | M73: Y | N73: Y | P73: =IF($C73="","",_xlfn.TEXTJOIN(", ",TRUE,IF(UPPER(TRIM($L73))="Y","아침",""),IF(UPPER(TRIM($M73))="Y","점심",""),IF(UPPER(TRIM($N73))="Y","저녁",""))) -> 아침, 점심, 저녁 | Q73: =IF($C73="","","{ 카테고리: """&$B73&""", 음식: """&$C73&""", 음식구분: """&$D73&""", 제철: """&$E73&""", 재료: """&$F73&""", 식사구분: ["&_xlfn.TEXTJOIN(", ",TRUE,IF(UPPER(TRIM($L73))="Y",CHAR(34)&"아침"&CHAR(34),""),IF(UPPER(TRIM($M73))="Y",CHAR(34)&"점심"&CHAR(34),""),IF(UPPER(TRIM($N73))="Y",CHAR(34)&"저녁"&CHAR(34),""))&"], 영양분류: """&$G73&""", 주재료분류: """&$H73&""", 조리방식: """&$I73&""", 조리시간: """&$J73&""", 알레르기: """&$K73&""" },") -> { 카테고리: "한식", 음식: "콩나물국", 음식구분: "국/탕", 제철: "사계절", 재료: "콩나물, 대파, 마늘, 멸치육수", 식사구분: ["아침", "점심", "저녁"], 영양분류: "가벼운 국물", 주재료분류: "채소", 조리방식: "국물", 조리시간: "15분", 알레르기: "대두, 생선" },
B74: 한식 | C74: 북엇국 | D74: 국/탕 | E74: 겨울 | F74: 북어, 계란, 대파, 무 | G74: 단백질+국물 | H74: 생선 | I74: 국물 | J74: 20분 | K74: 생선, 계란 | L74: Y | M74: Y | N74: Y | P74: =IF($C74="","",_xlfn.TEXTJOIN(", ",TRUE,IF(UPPER(TRIM($L74))="Y","아침",""),IF(UPPER(TRIM($M74))="Y","점심",""),IF(UPPER(TRIM($N74))="Y","저녁",""))) -> 아침, 점심, 저녁 | Q74: =IF($C74="","","{ 카테고리: """&$B74&""", 음식: """&$C74&""", 음식구분: """&$D74&""", 제철: """&$E74&""", 재료: """&$F74&""", 식사구분: ["&_xlfn.TEXTJOIN(", ",TRUE,IF(UPPER(TRIM($L74))="Y",CHAR(34)&"아침"&CHAR(34),""),IF(UPPER(TRIM($M74))="Y",CHAR(34)&"점심"&CHAR(34),""),IF(UPPER(TRIM($N74))="Y",CHAR(34)&"저녁"&CHAR(34),""))&"], 영양분류: """&$G74&""", 주재료분류: """&$H74&""", 조리방식: """&$I74&""", 조리시간: """&$J74&""", 알레르기: """&$K74&""" },") -> { 카테고리: "한식", 음식: "북엇국", 음식구분: "국/탕", 제철: "겨울", 재료: "북어, 계란, 대파, 무", 식사구분: ["아침", "점심", "저녁"], 영양분류: "단백질+국물", 주재료분류: "생선", 조리방식: "국물", 조리시간: "20분", 알레르기: "생선, 계란" },
B75: 한식 | C75: 냉이된장국 | D75: 국/탕 | E75: 봄 | F75: 냉이, 된장, 두부, 대파 | G75: 제철 채소+국물 | H75: 채소 | I75: 국물 | J75: 20분 | K75: 대두 | L75: Y | M75: Y | N75: Y | P75: =IF($C75="","",_xlfn.TEXTJOIN(", ",TRUE,IF(UPPER(TRIM($L75))="Y","아침",""),IF(UPPER(TRIM($M75))="Y","점심",""),IF(UPPER(TRIM($N75))="Y","저녁",""))) -> 아침, 점심, 저녁 | Q75: =IF($C75="","","{ 카테고리: """&$B75&""", 음식: """&$C75&""", 음식구분: """&$D75&""", 제철: """&$E75&""", 재료: """&$F75&""", 식사구분: ["&_xlfn.TEXTJOIN(", ",TRUE,IF(UPPER(TRIM($L75))="Y",CHAR(34)&"아침"&CHAR(34),""),IF(UPPER(TRIM($M75))="Y",CHAR(34)&"점심"&CHAR(34),""),IF(UPPER(TRIM($N75))="Y",CHAR(34)&"저녁"&CHAR(34),""))&"], 영양분류: """&$G75&""", 주재료분류: """&$H75&""", 조리방식: """&$I75&""", 조리시간: """&$J75&""", 알레르기: """&$K75&""" },") -> { 카테고리: "한식", 음식: "냉이된장국", 음식구분: "국/탕", 제철: "봄", 재료: "냉이, 된장, 두부, 대파", 식사구분: ["아침", "점심", "저녁"], 영양분류: "제철 채소+국물", 주재료분류: "채소", 조리방식: "국물", 조리시간: "20분", 알레르기: "대두" },
B76: 한식 | C76: 아욱국 | D76: 국/탕 | E76: 여름 | F76: 아욱, 된장, 마늘, 멸치육수 | G76: 제철 채소+국물 | H76: 채소 | I76: 국물 | J76: 20분 | K76: 대두, 생선 | L76: Y | M76: Y | N76: Y | P76: =IF($C76="","",_xlfn.TEXTJOIN(", ",TRUE,IF(UPPER(TRIM($L76))="Y","아침",""),IF(UPPER(TRIM($M76))="Y","점심",""),IF(UPPER(TRIM($N76))="Y","저녁",""))) -> 아침, 점심, 저녁 | Q76: =IF($C76="","","{ 카테고리: """&$B76&""", 음식: """&$C76&""", 음식구분: """&$D76&""", 제철: """&$E76&""", 재료: """&$F76&""", 식사구분: ["&_xlfn.TEXTJOIN(", ",TRUE,IF(UPPER(TRIM($L76))="Y",CHAR(34)&"아침"&CHAR(34),""),IF(UPPER(TRIM($M76))="Y",CHAR(34)&"점심"&CHAR(34),""),IF(UPPER(TRIM($N76))="Y",CHAR(34)&"저녁"&CHAR(34),""))&"], 영양분류: """&$G76&""", 주재료분류: """&$H76&""", 조리방식: """&$I76&""", 조리시간: """&$J76&""", 알레르기: """&$K76&""" },") -> { 카테고리: "한식", 음식: "아욱국", 음식구분: "국/탕", 제철: "여름", 재료: "아욱, 된장, 마늘, 멸치육수", 식사구분: ["아침", "점심", "저녁"], 영양분류: "제철 채소+국물", 주재료분류: "채소", 조리방식: "국물", 조리시간: "20분", 알레르기: "대두, 생선" },
B77: 한식 | C77: 청국장찌개 | D77: 찌개 | E77: 겨울 | F77: 청국장, 두부, 김치, 대파 | G77: 발효식품+국물 | H77: 두부 | I77: 찌개 | J77: 25분 | K77: 대두 | M77: Y | N77: Y | P77: =IF($C77="","",_xlfn.TEXTJOIN(", ",TRUE,IF(UPPER(TRIM($L77))="Y","아침",""),IF(UPPER(TRIM($M77))="Y","점심",""),IF(UPPER(TRIM($N77))="Y","저녁",""))) -> 점심, 저녁 | Q77: =IF($C77="","","{ 카테고리: """&$B77&""", 음식: """&$C77&""", 음식구분: """&$D77&""", 제철: """&$E77&""", 재료: """&$F77&""", 식사구분: ["&_xlfn.TEXTJOIN(", ",TRUE,IF(UPPER(TRIM($L77))="Y",CHAR(34)&"아침"&CHAR(34),""),IF(UPPER(TRIM($M77))="Y",CHAR(34)&"점심"&CHAR(34),""),IF(UPPER(TRIM($N77))="Y",CHAR(34)&"저녁"&CHAR(34),""))&"], 영양분류: """&$G77&""", 주재료분류: """&$H77&""", 조리방식: """&$I77&""", 조리시간: """&$J77&""", 알레르기: """&$K77&""" },") -> { 카테고리: "한식", 음식: "청국장찌개", 음식구분: "찌개", 제철: "겨울", 재료: "청국장, 두부, 김치, 대파", 식사구분: ["점심", "저녁"], 영양분류: "발효식품+국물", 주재료분류: "두부", 조리방식: "찌개", 조리시간: "25분", 알레르기: "대두" },
B78: 한식 | C78: 순두부찌개 | D78: 찌개 | E78: 사계절 | F78: 순두부, 계란, 대파, 바지락 | G78: 단백질+국물 | H78: 두부 | I78: 찌개 | J78: 20분 | K78: 대두, 계란, 조개류 | L78: Y | M78: Y | N78: Y | P78: =IF($C78="","",_xlfn.TEXTJOIN(", ",TRUE,IF(UPPER(TRIM($L78))="Y","아침",""),IF(UPPER(TRIM($M78))="Y","점심",""),IF(UPPER(TRIM($N78))="Y","저녁",""))) -> 아침, 점심, 저녁 | Q78: =IF($C78="","","{ 카테고리: """&$B78&""", 음식: """&$C78&""", 음식구분: """&$D78&""", 제철: """&$E78&""", 재료: """&$F78&""", 식사구분: ["&_xlfn.TEXTJOIN(", ",TRUE,IF(UPPER(TRIM($L78))="Y",CHAR(34)&"아침"&CHAR(34),""),IF(UPPER(TRIM($M78))="Y",CHAR(34)&"점심"&CHAR(34),""),IF(UPPER(TRIM($N78))="Y",CHAR(34)&"저녁"&CHAR(34),""))&"], 영양분류: """&$G78&""", 주재료분류: """&$H78&""", 조리방식: """&$I78&""", 조리시간: """&$J78&""", 알레르기: """&$K78&""" },") -> { 카테고리: "한식", 음식: "순두부찌개", 음식구분: "찌개", 제철: "사계절", 재료: "순두부, 계란, 대파, 바지락", 식사구분: ["아침", "점심", "저녁"], 영양분류: "단백질+국물", 주재료분류: "두부", 조리방식: "찌개", 조리시간: "20분", 알레르기: "대두, 계란, 조개류" },
B79: 한식 | C79: 애호박찌개 | D79: 찌개 | E79: 여름 | F79: 애호박, 돼지고기, 양파, 대파 | G79: 단백질+제철 채소 | H79: 채소 | I79: 찌개 | J79: 25분 | K79: 없음 | M79: Y | N79: Y | P79: =IF($C79="","",_xlfn.TEXTJOIN(", ",TRUE,IF(UPPER(TRIM($L79))="Y","아침",""),IF(UPPER(TRIM($M79))="Y","점심",""),IF(UPPER(TRIM($N79))="Y","저녁",""))) -> 점심, 저녁 | Q79: =IF($C79="","","{ 카테고리: """&$B79&""", 음식: """&$C79&""", 음식구분: """&$D79&""", 제철: """&$E79&""", 재료: """&$F79&""", 식사구분: ["&_xlfn.TEXTJOIN(", ",TRUE,IF(UPPER(TRIM($L79))="Y",CHAR(34)&"아침"&CHAR(34),""),IF(UPPER(TRIM($M79))="Y",CHAR(34)&"점심"&CHAR(34),""),IF(UPPER(TRIM($N79))="Y",CHAR(34)&"저녁"&CHAR(34),""))&"], 영양분류: """&$G79&""", 주재료분류: """&$H79&""", 조리방식: """&$I79&""", 조리시간: """&$J79&""", 알레르기: """&$K79&""" },") -> { 카테고리: "한식", 음식: "애호박찌개", 음식구분: "찌개", 제철: "여름", 재료: "애호박, 돼지고기, 양파, 대파", 식사구분: ["점심", "저녁"], 영양분류: "단백질+제철 채소", 주재료분류: "채소", 조리방식: "찌개", 조리시간: "25분", 알레르기: "없음" },
B80: 한식 | C80: 칼국수 | D80: 면 | E80: 겨울 | F80: 칼국수 면, 바지락, 애호박, 대파 | G80: 탄수화물+국물 | H80: 면 | I80: 국물 | J80: 30분 | K80: 밀, 조개류 | M80: Y | N80: Y | P80: =IF($C80="","",_xlfn.TEXTJOIN(", ",TRUE,IF(UPPER(TRIM($L80))="Y","아침",""),IF(UPPER(TRIM($M80))="Y","점심",""),IF(UPPER(TRIM($N80))="Y","저녁",""))) -> 점심, 저녁 | Q80: =IF($C80="","","{ 카테고리: """&$B80&""", 음식: """&$C80&""", 음식구분: """&$D80&""", 제철: """&$E80&""", 재료: """&$F80&""", 식사구분: ["&_xlfn.TEXTJOIN(", ",TRUE,IF(UPPER(TRIM($L80))="Y",CHAR(34)&"아침"&CHAR(34),""),IF(UPPER(TRIM($M80))="Y",CHAR(34)&"점심"&CHAR(34),""),IF(UPPER(TRIM($N80))="Y",CHAR(34)&"저녁"&CHAR(34),""))&"], 영양분류: """&$G80&""", 주재료분류: """&$H80&""", 조리방식: """&$I80&""", 조리시간: """&$J80&""", 알레르기: """&$K80&""" },") -> { 카테고리: "한식", 음식: "칼국수", 음식구분: "면", 제철: "겨울", 재료: "칼국수 면, 바지락, 애호박, 대파", 식사구분: ["점심", "저녁"], 영양분류: "탄수화물+국물", 주재료분류: "면", 조리방식: "국물", 조리시간: "30분", 알레르기: "밀, 조개류" },
B81: 한식 | C81: 비빔국수 | D81: 면 | E81: 여름 | F81: 소면, 오이, 계란, 김치 | G81: 탄수화물+채소 | H81: 면 | I81: 비빔 | J81: 20분 | K81: 밀, 계란 | M81: Y | N81: Y | P81: =IF($C81="","",_xlfn.TEXTJOIN(", ",TRUE,IF(UPPER(TRIM($L81))="Y","아침",""),IF(UPPER(TRIM($M81))="Y","점심",""),IF(UPPER(TRIM($N81))="Y","저녁",""))) -> 점심, 저녁 | Q81: =IF($C81="","","{ 카테고리: """&$B81&""", 음식: """&$C81&""", 음식구분: """&$D81&""", 제철: """&$E81&""", 재료: """&$F81&""", 식사구분: ["&_xlfn.TEXTJOIN(", ",TRUE,IF(UPPER(TRIM($L81))="Y",CHAR(34)&"아침"&CHAR(34),""),IF(UPPER(TRIM($M81))="Y",CHAR(34)&"점심"&CHAR(34),""),IF(UPPER(TRIM($N81))="Y",CHAR(34)&"저녁"&CHAR(34),""))&"], 영양분류: """&$G81&""", 주재료분류: """&$H81&""", 조리방식: """&$I81&""", 조리시간: """&$J81&""", 알레르기: """&$K81&""" },") -> { 카테고리: "한식", 음식: "비빔국수", 음식구분: "면", 제철: "여름", 재료: "소면, 오이, 계란, 김치", 식사구분: ["점심", "저녁"], 영양분류: "탄수화물+채소", 주재료분류: "면", 조리방식: "비빔", 조리시간: "20분", 알레르기: "밀, 계란" },
B82: 한식 | C82: 물냉면 | D82: 면 | E82: 여름 | F82: 냉면, 오이, 계란, 육수 | G82: 시원한 면요리 | H82: 면 | I82: 국물 | J82: 20분 | K82: 밀, 계란 | M82: Y | N82: Y | P82: =IF($C82="","",_xlfn.TEXTJOIN(", ",TRUE,IF(UPPER(TRIM($L82))="Y","아침",""),IF(UPPER(TRIM($M82))="Y","점심",""),IF(UPPER(TRIM($N82))="Y","저녁",""))) -> 점심, 저녁 | Q82: =IF($C82="","","{ 카테고리: """&$B82&""", 음식: """&$C82&""", 음식구분: """&$D82&""", 제철: """&$E82&""", 재료: """&$F82&""", 식사구분: ["&_xlfn.TEXTJOIN(", ",TRUE,IF(UPPER(TRIM($L82))="Y",CHAR(34)&"아침"&CHAR(34),""),IF(UPPER(TRIM($M82))="Y",CHAR(34)&"점심"&CHAR(34),""),IF(UPPER(TRIM($N82))="Y",CHAR(34)&"저녁"&CHAR(34),""))&"], 영양분류: """&$G82&""", 주재료분류: """&$H82&""", 조리방식: """&$I82&""", 조리시간: """&$J82&""", 알레르기: """&$K82&""" },") -> { 카테고리: "한식", 음식: "물냉면", 음식구분: "면", 제철: "여름", 재료: "냉면, 오이, 계란, 육수", 식사구분: ["점심", "저녁"], 영양분류: "시원한 면요리", 주재료분류: "면", 조리방식: "국물", 조리시간: "20분", 알레르기: "밀, 계란" },
B83: 한식 | C83: 만둣국 | D83: 메인반찬 | E83: 겨울 | F83: 만두, 계란, 대파, 육수 | G83: 탄수화물+국물 | H83: 만두 | I83: 국물 | J83: 20분 | K83: 밀, 계란 | L83: Y | M83: Y | N83: Y | P83: =IF($C83="","",_xlfn.TEXTJOIN(", ",TRUE,IF(UPPER(TRIM($L83))="Y","아침",""),IF(UPPER(TRIM($M83))="Y","점심",""),IF(UPPER(TRIM($N83))="Y","저녁",""))) -> 아침, 점심, 저녁 | Q83: =IF($C83="","","{ 카테고리: """&$B83&""", 음식: """&$C83&""", 음식구분: """&$D83&""", 제철: """&$E83&""", 재료: """&$F83&""", 식사구분: ["&_xlfn.TEXTJOIN(", ",TRUE,IF(UPPER(TRIM($L83))="Y",CHAR(34)&"아침"&CHAR(34),""),IF(UPPER(TRIM($M83))="Y",CHAR(34)&"점심"&CHAR(34),""),IF(UPPER(TRIM($N83))="Y",CHAR(34)&"저녁"&CHAR(34),""))&"], 영양분류: """&$G83&""", 주재료분류: """&$H83&""", 조리방식: """&$I83&""", 조리시간: """&$J83&""", 알레르기: """&$K83&""" },") -> { 카테고리: "한식", 음식: "만둣국", 음식구분: "메인반찬", 제철: "겨울", 재료: "만두, 계란, 대파, 육수", 식사구분: ["아침", "점심", "저녁"], 영양분류: "탄수화물+국물", 주재료분류: "만두", 조리방식: "국물", 조리시간: "20분", 알레르기: "밀, 계란" },
B84: 한식 | C84: 배추김치 | D84: 김치/젓갈/장 | E84: 사계절 | F84: 배추, 고춧가루, 마늘, 젓갈 | G84: 발효식품 | H84: 채소 | I84: 김치 | J84: 준비식 | K84: 생선 | L84: Y | M84: Y | N84: Y | P84: =IF($C84="","",_xlfn.TEXTJOIN(", ",TRUE,IF(UPPER(TRIM($L84))="Y","아침",""),IF(UPPER(TRIM($M84))="Y","점심",""),IF(UPPER(TRIM($N84))="Y","저녁",""))) -> 아침, 점심, 저녁 | Q84: =IF($C84="","","{ 카테고리: """&$B84&""", 음식: """&$C84&""", 음식구분: """&$D84&""", 제철: """&$E84&""", 재료: """&$F84&""", 식사구분: ["&_xlfn.TEXTJOIN(", ",TRUE,IF(UPPER(TRIM($L84))="Y",CHAR(34)&"아침"&CHAR(34),""),IF(UPPER(TRIM($M84))="Y",CHAR(34)&"점심"&CHAR(34),""),IF(UPPER(TRIM($N84))="Y",CHAR(34)&"저녁"&CHAR(34),""))&"], 영양분류: """&$G84&""", 주재료분류: """&$H84&""", 조리방식: """&$I84&""", 조리시간: """&$J84&""", 알레르기: """&$K84&""" },") -> { 카테고리: "한식", 음식: "배추김치", 음식구분: "김치/젓갈/장", 제철: "사계절", 재료: "배추, 고춧가루, 마늘, 젓갈", 식사구분: ["아침", "점심", "저녁"], 영양분류: "발효식품", 주재료분류: "채소", 조리방식: "김치", 조리시간: "준비식", 알레르기: "생선" },
B85: 한식 | C85: 열무김치 | D85: 김치/젓갈/장 | E85: 여름 | F85: 열무, 고춧가루, 마늘, 생강 | G85: 발효식품+제철 채소 | H85: 채소 | I85: 김치 | J85: 준비식 | K85: 없음 | L85: Y | M85: Y | N85: Y | P85: =IF($C85="","",_xlfn.TEXTJOIN(", ",TRUE,IF(UPPER(TRIM($L85))="Y","아침",""),IF(UPPER(TRIM($M85))="Y","점심",""),IF(UPPER(TRIM($N85))="Y","저녁",""))) -> 아침, 점심, 저녁 | Q85: =IF($C85="","","{ 카테고리: """&$B85&""", 음식: """&$C85&""", 음식구분: """&$D85&""", 제철: """&$E85&""", 재료: """&$F85&""", 식사구분: ["&_xlfn.TEXTJOIN(", ",TRUE,IF(UPPER(TRIM($L85))="Y",CHAR(34)&"아침"&CHAR(34),""),IF(UPPER(TRIM($M85))="Y",CHAR(34)&"점심"&CHAR(34),""),IF(UPPER(TRIM($N85))="Y",CHAR(34)&"저녁"&CHAR(34),""))&"], 영양분류: """&$G85&""", 주재료분류: """&$H85&""", 조리방식: """&$I85&""", 조리시간: """&$J85&""", 알레르기: """&$K85&""" },") -> { 카테고리: "한식", 음식: "열무김치", 음식구분: "김치/젓갈/장", 제철: "여름", 재료: "열무, 고춧가루, 마늘, 생강", 식사구분: ["아침", "점심", "저녁"], 영양분류: "발효식품+제철 채소", 주재료분류: "채소", 조리방식: "김치", 조리시간: "준비식", 알레르기: "없음" },
B86: 한식 | C86: 깍두기 | D86: 김치/젓갈/장 | E86: 가을 | F86: 무, 고춧가루, 대파, 젓갈 | G86: 발효식품 | H86: 채소 | I86: 김치 | J86: 준비식 | K86: 생선 | L86: Y | M86: Y | N86: Y | P86: =IF($C86="","",_xlfn.TEXTJOIN(", ",TRUE,IF(UPPER(TRIM($L86))="Y","아침",""),IF(UPPER(TRIM($M86))="Y","점심",""),IF(UPPER(TRIM($N86))="Y","저녁",""))) -> 아침, 점심, 저녁 | Q86: =IF($C86="","","{ 카테고리: """&$B86&""", 음식: """&$C86&""", 음식구분: """&$D86&""", 제철: """&$E86&""", 재료: """&$F86&""", 식사구분: ["&_xlfn.TEXTJOIN(", ",TRUE,IF(UPPER(TRIM($L86))="Y",CHAR(34)&"아침"&CHAR(34),""),IF(UPPER(TRIM($M86))="Y",CHAR(34)&"점심"&CHAR(34),""),IF(UPPER(TRIM($N86))="Y",CHAR(34)&"저녁"&CHAR(34),""))&"], 영양분류: """&$G86&""", 주재료분류: """&$H86&""", 조리방식: """&$I86&""", 조리시간: """&$J86&""", 알레르기: """&$K86&""" },") -> { 카테고리: "한식", 음식: "깍두기", 음식구분: "김치/젓갈/장", 제철: "가을", 재료: "무, 고춧가루, 대파, 젓갈", 식사구분: ["아침", "점심", "저녁"], 영양분류: "발효식품", 주재료분류: "채소", 조리방식: "김치", 조리시간: "준비식", 알레르기: "생선" },
B87: 한식 | C87: 오징어젓갈 | D87: 김치/젓갈/장 | E87: 사계절 | F87: 오징어젓갈, 참기름, 깨 | G87: 젓갈 | H87: 해산물 | I87: 무침 | J87: 5분 | K87: 오징어, 참깨 | L87: Y | M87: Y | N87: Y | P87: =IF($C87="","",_xlfn.TEXTJOIN(", ",TRUE,IF(UPPER(TRIM($L87))="Y","아침",""),IF(UPPER(TRIM($M87))="Y","점심",""),IF(UPPER(TRIM($N87))="Y","저녁",""))) -> 아침, 점심, 저녁 | Q87: =IF($C87="","","{ 카테고리: """&$B87&""", 음식: """&$C87&""", 음식구분: """&$D87&""", 제철: """&$E87&""", 재료: """&$F87&""", 식사구분: ["&_xlfn.TEXTJOIN(", ",TRUE,IF(UPPER(TRIM($L87))="Y",CHAR(34)&"아침"&CHAR(34),""),IF(UPPER(TRIM($M87))="Y",CHAR(34)&"점심"&CHAR(34),""),IF(UPPER(TRIM($N87))="Y",CHAR(34)&"저녁"&CHAR(34),""))&"], 영양분류: """&$G87&""", 주재료분류: """&$H87&""", 조리방식: """&$I87&""", 조리시간: """&$J87&""", 알레르기: """&$K87&""" },") -> { 카테고리: "한식", 음식: "오징어젓갈", 음식구분: "김치/젓갈/장", 제철: "사계절", 재료: "오징어젓갈, 참기름, 깨", 식사구분: ["아침", "점심", "저녁"], 영양분류: "젓갈", 주재료분류: "해산물", 조리방식: "무침", 조리시간: "5분", 알레르기: "오징어, 참깨" },
B88: 한식 | C88: 깻잎장아찌 | D88: 김치/젓갈/장 | E88: 여름 | F88: 깻잎, 간장, 마늘, 고춧가루 | G88: 장아찌 | H88: 채소 | I88: 절임 | J88: 준비식 | K88: 대두 | L88: Y | M88: Y | N88: Y | P88: =IF($C88="","",_xlfn.TEXTJOIN(", ",TRUE,IF(UPPER(TRIM($L88))="Y","아침",""),IF(UPPER(TRIM($M88))="Y","점심",""),IF(UPPER(TRIM($N88))="Y","저녁",""))) -> 아침, 점심, 저녁 | Q88: =IF($C88="","","{ 카테고리: """&$B88&""", 음식: """&$C88&""", 음식구분: """&$D88&""", 제철: """&$E88&""", 재료: """&$F88&""", 식사구분: ["&_xlfn.TEXTJOIN(", ",TRUE,IF(UPPER(TRIM($L88))="Y",CHAR(34)&"아침"&CHAR(34),""),IF(UPPER(TRIM($M88))="Y",CHAR(34)&"점심"&CHAR(34),""),IF(UPPER(TRIM($N88))="Y",CHAR(34)&"저녁"&CHAR(34),""))&"], 영양분류: """&$G88&""", 주재료분류: """&$H88&""", 조리방식: """&$I88&""", 조리시간: """&$J88&""", 알레르기: """&$K88&""" },") -> { 카테고리: "한식", 음식: "깻잎장아찌", 음식구분: "김치/젓갈/장", 제철: "여름", 재료: "깻잎, 간장, 마늘, 고춧가루", 식사구분: ["아침", "점심", "저녁"], 영양분류: "장아찌", 주재료분류: "채소", 조리방식: "절임", 조리시간: "준비식", 알레르기: "대두" },

Sheet 요약
A1: 식단 데이터 관리 요약
A3: 총 음식 수 | B3: =COUNTA(음식DB!$C$2:$C$500) -> 87 | D3: 카테고리별 개수 | E3: 개수 | G3: 음식구분별 개수 | H3: 개수
A4: 한식 항목 수 | B4: =COUNTIF(음식DB!$B$2:$B$500,"한식") -> 51 | D4: 간단식 | E4: =COUNTIF(음식DB!$B$2:$B$500,D4) -> 8 | G4: 간단식 | H4: =COUNTIF(음식DB!$D$2:$D$500,G4) -> 8
A5: 아침 가능 | B5: =COUNTIF(음식DB!$L$2:$L$500,"Y") -> 32 | D5: 분식 | E5: =COUNTIF(음식DB!$B$2:$B$500,D5) -> 5 | G5: 국/탕 | H5: =COUNTIF(음식DB!$D$2:$D$500,G5) -> 10
A6: 점심 가능 | B6: =COUNTIF(음식DB!$M$2:$M$500,"Y") -> 79 | D6: 아시안 | E6: =COUNTIF(음식DB!$B$2:$B$500,D6) -> 5 | G6: 김치/젓갈/장 | H6: =COUNTIF(음식DB!$D$2:$D$500,G6) -> 5
A7: 저녁 가능 | B7: =COUNTIF(음식DB!$N$2:$N$500,"Y") -> 79 | D7: 양식 | E7: =COUNTIF(음식DB!$B$2:$B$500,D7) -> 6 | G7: 메인반찬 | H7: =COUNTIF(음식DB!$D$2:$D$500,G7) -> 38
D8: 일식 | E8: =COUNTIF(음식DB!$B$2:$B$500,D8) -> 6 | G8: 면 | H8: =COUNTIF(음식DB!$D$2:$D$500,G8) -> 9
D9: 중식 | E9: =COUNTIF(음식DB!$B$2:$B$500,D9) -> 6 | G9: 밑반찬 | H9: =COUNTIF(음식DB!$D$2:$D$500,G9) -> 11
D10: 한식 | E10: =COUNTIF(음식DB!$B$2:$B$500,D10) -> 51 | G10: 찌개 | H10: =COUNTIF(음식DB!$D$2:$D$500,G10) -> 6
A13: 제철 구분 | B13: 개수
A14: 10월~11월 | B14: =COUNTIF(음식DB!$E$2:$E$500,A14) -> 1
A15: 10월~2월 | B15: =COUNTIF(음식DB!$E$2:$E$500,A15) -> 1
A16: 11월~3월 | B16: =COUNTIF(음식DB!$E$2:$E$500,A16) -> 1
A17: 7월~10월 | B17: =COUNTIF(음식DB!$E$2:$E$500,A17) -> 2
A18: 7월~11월 | B18: =COUNTIF(음식DB!$E$2:$E$500,A18) -> 1
A19: 9월~11월 | B19: =COUNTIF(음식DB!$E$2:$E$500,A19) -> 1
A20: 가을 | B20: =COUNTIF(음식DB!$E$2:$E$500,A20) -> 2
A21: 겨울 | B21: =COUNTIF(음식DB!$E$2:$E$500,A21) -> 7
A22: 봄 | B22: =COUNTIF(음식DB!$E$2:$E$500,A22) -> 4
A23: 사계절 | B23: =COUNTIF(음식DB!$E$2:$E$500,A23) -> 55
A24: 여름 | B24: =COUNTIF(음식DB!$E$2:$E$500,A24) -> 12
A27: data.js 복사 사용 방법
A28: 1 | B28: 음식DB 시트에서 카테고리~알레르기 정보를 입력합니다.
A29: 2 | B29: 아침가능/점심가능/저녁가능 열에는 해당 식사에 사용 가능할 때만 Y를 입력하고, 아니면 빈칸으로 둡니다.
A30: 3 | B30: P열 식사구분 자동에는 Y 입력값에 따라 아침, 점심, 저녁이 자동 표시됩니다.
A31: 4 | B31: Q열 data.js 복사용 값을 복사하여 data.js의 foodData 배열 안에 붙여넣으면 됩니다.
A32: 예시 | B32: 아침가능=Y, 점심가능=Y, 저녁가능 빈칸 → 식사구분: ["아침", "점심"]
